start_day_inclusive,end_day_inclusive,sign_up_method,total_starts,total_completions,completion_rate_pct,avg_minutes_to_complete
2023-04-01,2023-04-28,email,672,499,74.26,2.58
2023-04-01,2023-04-28,google,525,394,75.05,0.81
2023-04-02,2023-04-29,email,724,539,74.45,2.52
2023-04-02,2023-04-29,google,559,421,75.31,0.77
2023-04-03,2023-04-30,email,776,578,74.48,2.37
2023-04-03,2023-04-30,google,624,461,73.88,0.73
2023-04-04,2023-05-01,email,845,634,75.03,2.17
2023-04-04,2023-05-01,google,684,505,73.83,0.71
2023-04-05,2023-05-02,email,910,690,75.82,2.14
2023-04-05,2023-05-02,google,745,558,74.9,0.66
2023-04-06,2023-05-03,email,988,744,75.3,2.01
2023-04-06,2023-05-03,google,808,604,74.75,0.64
2023-04-07,2023-05-04,email,1044,785,75.19,1.92
2023-04-07,2023-05-04,google,850,631,74.24,0.62
2023-04-08,2023-05-05,email,1096,825,75.27,1.84
2023-04-08,2023-05-05,google,891,662,74.3,0.6
2023-04-09,2023-05-06,email,1142,860,75.31,1.91
2023-04-09,2023-05-06,google,939,705,75.08,0.99
2023-04-10,2023-05-07,email,1205,911,75.6,1.82
2023-04-10,2023-05-07,google,992,750,75.6,0.93
2023-04-11,2023-05-08,email,1290,980,75.97,2.18
2023-04-11,2023-05-08,google,1056,804,76.14,0.88
2023-04-12,2023-05-09,email,1364,1034,75.81,2.09
2023-04-12,2023-05-09,google,1114,846,75.94,0.85
2023-04-13,2023-05-10,email,1465,1116,76.18,1.97
2023-04-13,2023-05-10,google,1194,903,75.63,0.81
2023-04-14,2023-05-11,email,1554,1189,76.51,2.35
2023-04-14,2023-05-11,google,1273,962,75.57,0.77
2023-04-15,2023-05-12,email,1650,1265,76.67,2.24
2023-04-15,2023-05-12,google,1339,1015,75.8,0.74
2023-04-16,2023-05-13,email,1711,1318,77.03,2.17
2023-04-16,2023-05-13,google,1415,1082,76.47,0.71
2023-04-17,2023-05-14,email,1792,1388,77.46,2.08
2023-04-17,2023-05-14,google,1495,1144,76.52,0.68
2023-04-18,2023-05-15,email,1897,1480,78.02,1.98
2023-04-18,2023-05-15,google,1610,1234,76.65,0.63
2023-04-19,2023-05-16,email,1984,1557,78.48,1.9
2023-04-19,2023-05-16,google,1682,1296,77.05,0.55
2023-04-20,2023-05-17,email,1975,1564,79.19,1.9
2023-04-20,2023-05-17,google,1712,1325,77.39,0.54
2023-04-21,2023-05-18,email,2005,1589,79.25,1.87
2023-04-21,2023-05-18,google,1742,1348,77.38,0.53
2023-04-22,2023-05-19,email,2024,1603,79.2,1.84
2023-04-22,2023-05-19,google,1754,1364,77.77,0.52
2023-04-23,2023-05-20,email,2020,1597,79.06,1.86
2023-04-23,2023-05-20,google,1780,1384,77.75,0.52
2023-04-24,2023-05-21,email,2038,1625,79.74,1.83
2023-04-24,2023-05-21,google,1791,1395,77.89,0.51
2023-04-25,2023-05-22,email,2045,1624,79.41,1.81
2023-04-25,2023-05-22,google,1809,1415,78.22,0.51
2023-04-26,2023-05-23,email,2032,1610,79.23,1.27
2023-04-26,2023-05-23,google,1797,1407,78.3,0.51
2023-04-27,2023-05-24,email,2028,1619,79.83,1.28
2023-04-27,2023-05-24,google,1797,1405,78.19,0.52
2023-04-28,2023-05-25,email,2034,1629,80.09,2.45
2023-04-28,2023-05-25,google,1824,1426,78.18,0.53
2023-04-29,2023-05-26,email,2044,1646,80.53,2.35
2023-04-29,2023-05-26,google,1832,1438,78.49,0.43
2023-04-30,2023-05-27,email,2053,1656,80.66,2.31
2023-04-30,2023-05-27,google,1861,1461,78.51,0.44
2023-05-01,2023-05-28,email,2077,1682,80.98,2.27
2023-05-01,2023-05-28,google,1863,1475,79.17,0.43
2023-05-02,2023-05-29,email,2076,1677,80.78,3.18
2023-05-02,2023-05-29,google,1869,1480,79.19,0.42
2023-05-03,2023-05-30,email,2087,1680,80.5,3.12
2023-05-03,2023-05-30,google,1869,1480,79.19,0.42
2023-05-04,2023-05-31,email,2078,1676,80.65,3.12
2023-05-04,2023-05-31,google,1880,1497,79.63,0.42
2023-05-05,2023-06-01,email,2081,1689,81.16,3.11
2023-05-05,2023-06-01,google,1893,1511,79.82,0.41
2023-05-06,2023-06-02,email,2109,1717,81.41,3.07
2023-05-06,2023-06-02,google,1917,1529,79.76,0.42
2023-05-07,2023-06-03,email,2120,1730,81.6,3.0
2023-05-07,2023-06-03,google,1930,1540,79.79,0.23
2023-05-08,2023-06-04,email,2129,1731,81.31,3.04
2023-05-08,2023-06-04,google,1959,1560,79.63,0.23
2023-05-09,2023-06-05,email,2130,1735,81.46,2.77
2023-05-09,2023-06-05,google,1975,1568,79.39,0.23
2023-05-10,2023-06-06,email,2113,1727,81.73,3.23
2023-05-10,2023-06-06,google,1971,1574,79.86,0.22
2023-05-11,2023-06-07,email,2076,1694,81.6,3.28
2023-05-11,2023-06-07,google,1970,1577,80.05,0.25
2023-05-12,2023-06-08,email,2050,1676,81.76,2.97
2023-05-12,2023-06-08,google,1944,1564,80.45,0.24
2023-05-13,2023-06-09,email,2007,1646,82.01,3.02
2023-05-13,2023-06-09,google,1933,1552,80.29,0.25
2023-05-14,2023-06-10,email,2006,1643,81.9,3.02
2023-05-14,2023-06-10,google,1906,1528,80.17,0.25
2023-05-15,2023-06-11,email,2012,1648,81.91,3.01
2023-05-15,2023-06-11,google,1894,1523,80.41,0.25
2023-05-16,2023-06-12,email,1992,1631,81.88,3.07
2023-05-16,2023-06-12,google,1858,1495,80.46,0.25
2023-05-17,2023-06-13,email,1963,1607,81.86,3.1
2023-05-17,2023-06-13,google,1823,1468,80.53,0.24
2023-05-18,2023-06-14,email,1962,1598,81.45,3.11
2023-05-18,2023-06-14,google,1812,1442,79.58,0.25
2023-05-19,2023-06-15,email,1956,1585,81.03,3.15
2023-05-19,2023-06-15,google,1821,1441,79.13,0.26
2023-05-20,2023-06-16,email,1967,1595,81.09,3.13
2023-05-20,2023-06-16,google,1838,1449,78.84,0.26
2023-05-21,2023-06-17,email,1972,1595,80.88,3.11
2023-05-21,2023-06-17,google,1850,1461,78.97,0.26
2023-05-22,2023-06-18,email,1959,1583,80.81,3.13
2023-05-22,2023-06-18,google,1849,1451,78.47,0.26
2023-05-23,2023-06-19,email,1986,1598,80.46,3.11
2023-05-23,2023-06-19,google,1901,1471,77.38,0.46
2023-05-24,2023-06-20,email,2129,1646,77.31,3.82
2023-05-24,2023-06-20,google,2045,1532,74.91,1.26
2023-05-25,2023-06-21,email,2216,1710,77.17,3.69
2023-05-25,2023-06-21,google,2103,1567,74.51,1.24
2023-05-26,2023-06-22,email,2267,1746,77.02,2.51
2023-05-26,2023-06-22,google,2143,1600,74.66,1.21
2023-05-27,2023-06-23,email,2334,1781,76.31,2.58
2023-05-27,2023-06-23,google,2173,1624,74.74,1.2
2023-05-28,2023-06-24,email,2344,1783,76.07,2.59
2023-05-28,2023-06-24,google,2197,1643,74.78,1.29
2023-05-29,2023-06-25,email,2354,1783,75.74,2.59
2023-05-29,2023-06-25,google,2211,1651,74.67,1.29
2023-05-30,2023-06-26,email,2397,1820,75.93,1.69
2023-05-30,2023-06-26,google,2240,1669,74.51,1.28
2023-05-31,2023-06-27,email,2431,1845,75.89,1.67
2023-05-31,2023-06-27,google,2284,1692,74.08,1.27
2023-06-01,2023-06-28,email,2467,1878,76.12,2.29
2023-06-01,2023-06-28,google,2296,1694,73.78,1.27
2023-06-02,2023-06-29,email,2507,1896,75.63,2.27
2023-06-02,2023-06-29,google,2317,1707,73.67,1.27
2023-06-03,2023-06-30,email,2508,1890,75.36,2.27
2023-06-03,2023-06-30,google,2304,1698,73.7,1.27
2023-06-04,2023-07-01,email,2509,1881,74.97,2.28
2023-06-04,2023-07-01,google,2295,1683,73.33,1.28
2023-06-05,2023-07-02,email,2509,1886,75.17,2.25
2023-06-05,2023-07-02,google,2284,1676,73.38,1.3
2023-06-06,2023-07-03,email,2506,1879,74.98,2.25
2023-06-06,2023-07-03,google,2268,1666,73.46,1.31
2023-06-07,2023-07-04,email,2534,1898,74.9,1.82
2023-06-07,2023-07-04,google,2297,1684,73.31,1.31
2023-06-08,2023-07-05,email,2548,1911,75.0,1.94
2023-06-08,2023-07-05,google,2292,1682,73.39,1.29
2023-06-09,2023-07-06,email,2554,1908,74.71,1.95
2023-06-09,2023-07-06,google,2309,1689,73.15,1.29
2023-06-10,2023-07-07,email,2573,1911,74.27,1.93
2023-06-10,2023-07-07,google,2304,1686,73.18,1.29
2023-06-11,2023-07-08,email,2539,1881,74.08,1.96
2023-06-11,2023-07-08,google,2285,1661,72.69,1.3
2023-06-12,2023-07-09,email,2531,1873,74.0,1.99
2023-06-12,2023-07-09,google,2306,1673,72.55,1.3
2023-06-13,2023-07-10,email,2517,1857,73.78,2.0
2023-06-13,2023-07-10,google,2306,1677,72.72,1.3
2023-06-14,2023-07-11,email,2520,1859,73.77,1.99
2023-06-14,2023-07-11,google,2324,1697,73.02,1.32
2023-06-15,2023-07-12,email,2510,1858,74.02,2.0
2023-06-15,2023-07-12,google,2327,1713,73.61,1.3
2023-06-16,2023-07-13,email,2491,1845,74.07,2.0
2023-06-16,2023-07-13,google,2319,1712,73.82,1.29
2023-06-17,2023-07-14,email,2478,1829,73.81,2.02
2023-06-17,2023-07-14,google,2312,1703,73.66,1.3
2023-06-18,2023-07-15,email,2470,1833,74.21,2.03
2023-06-18,2023-07-15,google,2307,1693,73.39,1.32
2023-06-19,2023-07-16,email,2458,1817,73.92,2.05
2023-06-19,2023-07-16,google,2329,1715,73.64,1.3
2023-06-20,2023-07-17,email,2412,1785,74.0,2.1
2023-06-20,2023-07-17,google,2273,1690,74.35,1.14
2023-06-21,2023-07-18,email,2251,1726,76.68,1.4
2023-06-21,2023-07-18,google,2131,1635,76.72,0.42
2023-06-22,2023-07-19,email,2163,1668,77.12,1.42
2023-06-22,2023-07-19,google,2081,1606,77.17,0.42
2023-06-23,2023-07-20,email,2131,1643,77.1,1.42
2023-06-23,2023-07-20,google,2076,1596,76.88,0.41
2023-06-24,2023-07-21,email,2077,1606,77.32,1.31
2023-06-24,2023-07-21,google,2070,1589,76.76,0.4
2023-06-25,2023-07-22,email,2049,1589,77.55,1.31
2023-06-25,2023-07-22,google,2049,1574,76.82,0.28
2023-06-26,2023-07-23,email,2046,1595,77.96,1.32
2023-06-26,2023-07-23,google,2034,1569,77.14,0.27
2023-06-27,2023-07-24,email,2024,1588,78.46,1.5
2023-06-27,2023-07-24,google,2016,1571,77.93,0.26
2023-06-28,2023-07-25,email,1996,1567,78.51,2.34
2023-06-28,2023-07-25,google,1982,1551,78.25,0.26
2023-06-29,2023-07-26,email,1962,1542,78.59,1.61
2023-06-29,2023-07-26,google,1954,1531,78.35,0.25
2023-06-30,2023-07-27,email,1927,1514,78.57,1.63
2023-06-30,2023-07-27,google,1949,1530,78.5,0.24
2023-07-01,2023-07-28,email,1912,1501,78.5,1.64
2023-07-01,2023-07-28,google,1958,1539,78.6,0.24
2023-07-02,2023-07-29,email,1922,1515,78.82,1.64
2023-07-02,2023-07-29,google,1955,1537,78.62,0.25
2023-07-03,2023-07-30,email,1926,1522,79.02,1.61
2023-07-03,2023-07-30,google,1970,1552,78.78,0.93
2023-07-04,2023-07-31,email,1930,1524,78.96,1.61
2023-07-04,2023-07-31,google,1989,1562,78.53,0.92
2023-07-05,2023-08-01,email,1928,1529,79.3,1.6
2023-07-05,2023-08-01,google,1994,1565,78.49,0.91
2023-07-06,2023-08-02,email,1927,1524,79.09,2.25
2023-07-06,2023-08-02,google,2001,1578,78.86,0.9
2023-07-07,2023-08-03,email,1960,1543,78.72,2.22
2023-07-07,2023-08-03,google,1995,1578,79.1,0.9
2023-07-08,2023-08-04,email,1964,1553,79.07,2.2
2023-07-08,2023-08-04,google,2047,1616,78.94,0.91
2023-07-09,2023-08-05,email,2005,1590,79.3,2.16
2023-07-09,2023-08-05,google,2097,1667,79.49,0.89
2023-07-10,2023-08-06,email,2022,1598,79.03,2.14
2023-07-10,2023-08-06,google,2102,1676,79.73,0.91
2023-07-11,2023-08-07,email,2054,1625,79.11,2.08
2023-07-11,2023-08-07,google,2114,1687,79.8,0.91
2023-07-12,2023-08-08,email,2121,1684,79.4,2.03
2023-07-12,2023-08-08,google,2162,1719,79.51,0.86
2023-07-13,2023-08-09,email,2190,1743,79.59,1.97
2023-07-13,2023-08-09,google,2250,1788,79.47,0.85
2023-07-14,2023-08-10,email,2236,1790,80.05,2.09
2023-07-14,2023-08-10,google,2308,1845,79.94,1.24
2023-07-15,2023-08-11,email,2270,1825,80.4,2.05
2023-07-15,2023-08-11,google,2339,1873,80.08,1.23
2023-07-16,2023-08-12,email,2315,1858,80.26,2.01
2023-07-16,2023-08-12,google,2364,1896,80.2,1.21
2023-07-17,2023-08-13,email,2367,1903,80.4,1.96
2023-07-17,2023-08-13,google,2364,1891,79.99,1.21
2023-07-18,2023-08-14,email,2404,1931,80.32,1.96
2023-07-18,2023-08-14,google,2396,1918,80.05,1.19
2023-07-19,2023-08-15,email,2450,1968,80.33,1.93
2023-07-19,2023-08-15,google,2453,1963,80.02,1.87
2023-07-20,2023-08-16,email,2580,2070,80.23,1.85
2023-07-20,2023-08-16,google,2737,2161,78.96,1.71
2023-07-21,2023-08-17,email,2579,2074,80.42,1.85
2023-07-21,2023-08-17,google,2728,2157,79.07,1.71
2023-07-22,2023-08-18,email,2563,2063,80.49,1.85
2023-07-22,2023-08-18,google,2722,2151,79.02,1.83
2023-07-23,2023-08-19,email,2588,2081,80.41,1.84
2023-07-23,2023-08-19,google,2764,2166,78.36,1.83
2023-07-24,2023-08-20,email,2573,2063,80.18,1.84
2023-07-24,2023-08-20,google,2776,2177,78.42,1.82
2023-07-25,2023-08-21,email,2564,2046,79.8,1.75
2023-07-25,2023-08-21,google,2792,2182,78.15,1.82
2023-07-26,2023-08-22,email,2549,2033,79.76,1.11
2023-07-26,2023-08-22,google,2791,2177,78.0,1.82
2023-07-27,2023-08-23,email,2575,2042,79.3,1.12
2023-07-27,2023-08-23,google,2823,2195,77.75,1.82
2023-07-28,2023-08-24,email,2588,2057,79.48,1.11
2023-07-28,2023-08-24,google,2847,2218,77.91,1.8
2023-07-29,2023-08-25,email,2589,2064,79.72,1.11
2023-07-29,2023-08-25,google,2851,2221,77.9,1.81
2023-07-30,2023-08-26,email,2578,2062,79.98,1.11
2023-07-30,2023-08-26,google,2854,2214,77.58,1.81
2023-07-31,2023-08-27,email,2596,2076,79.97,1.11
2023-07-31,2023-08-27,google,2848,2207,77.49,1.34
2023-08-01,2023-08-28,email,2602,2086,80.17,1.11
2023-08-01,2023-08-28,google,2850,2216,77.75,1.41
2023-08-02,2023-08-29,email,2592,2074,80.02,1.11
2023-08-02,2023-08-29,google,2837,2209,77.86,1.42
2023-08-03,2023-08-30,email,2592,2078,80.17,0.52
2023-08-03,2023-08-30,google,2833,2202,77.73,1.42
2023-08-04,2023-08-31,email,2578,2070,80.29,0.52
2023-08-04,2023-08-31,google,2856,2215,77.56,1.41
2023-08-05,2023-09-01,email,2557,2054,80.33,0.52
2023-08-05,2023-09-01,google,2818,2193,77.82,1.41
2023-08-06,2023-09-02,email,2550,2039,79.96,0.52
2023-08-06,2023-09-02,google,2793,2169,77.66,1.42
2023-08-07,2023-09-03,email,2526,2024,80.13,0.52
2023-08-07,2023-09-03,google,2781,2155,77.49,1.41
2023-08-08,2023-09-04,email,2513,2007,79.86,2.92
2023-08-08,2023-09-04,google,2774,2142,77.22,1.41
2023-08-09,2023-09-05,email,2468,1960,79.42,2.98
2023-08-09,2023-09-05,google,2744,2118,77.19,1.43
2023-08-10,2023-09-06,email,2418,1915,79.2,3.44
2023-08-10,2023-09-06,google,2668,2050,76.84,1.49
2023-08-11,2023-09-07,email,2376,1877,79.0,3.46
2023-08-11,2023-09-07,google,2627,2010,76.51,1.27
2023-08-12,2023-09-08,email,2357,1861,78.96,3.48
2023-08-12,2023-09-08,google,2598,1986,76.44,1.28
2023-08-13,2023-09-09,email,2343,1851,79.0,3.5
2023-08-13,2023-09-09,google,2596,1987,76.54,1.32
2023-08-14,2023-09-10,email,2293,1816,79.2,3.56
2023-08-14,2023-09-10,google,2583,1985,76.85,1.32
2023-08-15,2023-09-11,email,2274,1807,79.46,3.53
2023-08-15,2023-09-11,google,2555,1955,76.52,1.34
2023-08-16,2023-09-12,email,2271,1803,79.39,3.55
2023-08-16,2023-09-12,google,2505,1914,76.41,0.67
2023-08-17,2023-09-13,email,2136,1695,79.35,3.75
2023-08-17,2023-09-13,google,2207,1712,77.57,0.72
2023-08-18,2023-09-14,email,2111,1668,79.01,3.8
2023-08-18,2023-09-14,google,2184,1700,77.84,0.79
2023-08-19,2023-09-15,email,2118,1680,79.32,3.79
2023-08-19,2023-09-15,google,2157,1681,77.93,0.67
2023-08-20,2023-09-16,email,2094,1663,79.42,3.82
2023-08-20,2023-09-16,google,2124,1673,78.77,0.66
2023-08-21,2023-09-17,email,2098,1672,79.69,3.81
2023-08-21,2023-09-17,google,2107,1654,78.5,0.86
2023-08-22,2023-09-18,email,2117,1695,80.07,3.74
2023-08-22,2023-09-18,google,2095,1648,78.66,0.88
2023-08-23,2023-09-19,email,2126,1703,80.1,3.73
2023-08-23,2023-09-19,google,2090,1646,78.76,0.89
2023-08-24,2023-09-20,email,2123,1710,80.55,3.71
2023-08-24,2023-09-20,google,2108,1665,78.98,0.88
2023-08-25,2023-09-21,email,2106,1695,80.48,3.74
2023-08-25,2023-09-21,google,2076,1640,79.0,0.99
2023-08-26,2023-09-22,email,2094,1685,80.47,3.76
2023-08-26,2023-09-22,google,2060,1628,79.03,0.98
2023-08-27,2023-09-23,email,2091,1684,80.54,3.77
2023-08-27,2023-09-23,google,2070,1655,79.95,0.97
2023-08-28,2023-09-24,email,2090,1688,80.77,3.75
2023-08-28,2023-09-24,google,2057,1646,80.02,0.97
2023-08-29,2023-09-25,email,2089,1686,80.71,3.76
2023-08-29,2023-09-25,google,2044,1634,79.94,0.89
2023-08-30,2023-09-26,email,2079,1678,80.71,3.77
2023-08-30,2023-09-26,google,2043,1630,79.78,0.89
2023-08-31,2023-09-27,email,2065,1671,80.92,3.79
2023-08-31,2023-09-27,google,2026,1614,79.66,0.9
2023-09-01,2023-09-28,email,2039,1651,80.97,3.86
2023-09-01,2023-09-28,google,1987,1579,79.47,0.92
2023-09-02,2023-09-29,email,2034,1647,80.97,5.8
2023-09-02,2023-09-29,google,1977,1560,78.91,0.93
2023-09-03,2023-09-30,email,2046,1661,81.18,5.74
2023-09-03,2023-09-30,google,2008,1575,78.44,0.92
2023-09-04,2023-10-01,email,2062,1672,81.09,5.72
2023-09-04,2023-10-01,google,2005,1580,78.8,0.92
2023-09-05,2023-10-02,email,2083,1696,81.42,2.78
2023-09-05,2023-10-02,google,2024,1593,78.71,1.02
2023-09-06,2023-10-03,email,2078,1690,81.33,2.78
2023-09-06,2023-10-03,google,2014,1583,78.6,1.03
2023-09-07,2023-10-04,email,2062,1675,81.23,2.34
2023-09-07,2023-10-04,google,1999,1577,78.89,1.01
2023-09-08,2023-10-05,email,2066,1683,81.46,3.35
2023-09-08,2023-10-05,google,1985,1563,78.74,0.87
2023-09-09,2023-10-06,email,2064,1679,81.35,3.42
2023-09-09,2023-10-06,google,1971,1558,79.05,0.87
2023-09-10,2023-10-07,email,2045,1661,81.22,3.45
2023-09-10,2023-10-07,google,1943,1536,79.05,0.82
2023-09-11,2023-10-08,email,2062,1669,80.94,3.43
2023-09-11,2023-10-08,google,1941,1527,78.67,0.86
2023-09-12,2023-10-09,email,2056,1657,80.59,3.88
2023-09-12,2023-10-09,google,1949,1529,78.45,1.08
2023-09-13,2023-10-10,email,2022,1629,80.56,3.94
2023-09-13,2023-10-10,google,1957,1534,78.39,1.07
2023-09-14,2023-10-11,email,2023,1626,80.38,3.94
2023-09-14,2023-10-11,google,1966,1539,78.28,1.06
2023-09-15,2023-10-12,email,2039,1639,80.38,3.91
2023-09-15,2023-10-12,google,1981,1541,77.79,0.99
2023-09-16,2023-10-13,email,2037,1634,80.22,3.99
2023-09-16,2023-10-13,google,2008,1554,77.39,0.98
2023-09-17,2023-10-14,email,2046,1645,80.4,3.97
2023-09-17,2023-10-14,google,1990,1535,77.14,0.99
2023-09-18,2023-10-15,email,2050,1647,80.34,3.96
2023-09-18,2023-10-15,google,1998,1538,76.98,0.78
2023-09-19,2023-10-16,email,2040,1637,80.25,3.97
2023-09-19,2023-10-16,google,2000,1529,76.45,0.77
2023-09-20,2023-10-17,email,2045,1638,80.1,3.97
2023-09-20,2023-10-17,google,1994,1527,76.58,0.77
2023-09-21,2023-10-18,email,2008,1612,80.28,4.02
2023-09-21,2023-10-18,google,1953,1501,76.86,0.77
2023-09-22,2023-10-19,email,2019,1621,80.29,4.01
2023-09-22,2023-10-19,google,1959,1507,76.93,0.66
2023-09-23,2023-10-20,email,2016,1622,80.46,4.01
2023-09-23,2023-10-20,google,1985,1521,76.62,0.66
2023-09-24,2023-10-21,email,2014,1609,79.89,4.02
2023-09-24,2023-10-21,google,1990,1514,76.08,0.65
2023-09-25,2023-10-22,email,1998,1588,79.48,4.07
2023-09-25,2023-10-22,google,2000,1519,75.95,0.65
2023-09-26,2023-10-23,email,1982,1570,79.21,4.51
2023-09-26,2023-10-23,google,2016,1525,75.64,0.63
2023-09-27,2023-10-24,email,2013,1592,79.09,4.45
2023-09-27,2023-10-24,google,2037,1539,75.55,0.63
2023-09-28,2023-10-25,email,2015,1588,78.81,4.46
2023-09-28,2023-10-25,google,2043,1546,75.67,0.62
2023-09-29,2023-10-26,email,2020,1595,78.96,4.44
2023-09-29,2023-10-26,google,2062,1572,76.24,0.61
2023-09-30,2023-10-27,email,2061,1626,78.89,2.41
2023-09-30,2023-10-27,google,2100,1611,76.71,0.61
2023-10-01,2023-10-28,email,2047,1619,79.09,2.42
2023-10-01,2023-10-28,google,2087,1611,77.19,0.62
2023-10-02,2023-10-29,email,2030,1601,78.87,2.44
2023-10-02,2023-10-29,google,2099,1611,76.75,0.6
2023-10-03,2023-10-30,email,1998,1571,78.63,2.51
2023-10-03,2023-10-30,google,2071,1590,76.77,0.5
2023-10-04,2023-10-31,email,1985,1561,78.64,2.54
2023-10-04,2023-10-31,google,2057,1582,76.91,0.5
2023-10-05,2023-11-01,email,1970,1556,78.98,2.54
2023-10-05,2023-11-01,google,2057,1580,76.81,0.47
2023-10-06,2023-11-02,email,1956,1540,78.73,1.34
2023-10-06,2023-11-02,google,2043,1576,77.14,0.48
2023-10-07,2023-11-03,email,1944,1524,78.4,1.31
2023-10-07,2023-11-03,google,2057,1583,76.96,0.47
2023-10-08,2023-11-04,email,1942,1528,78.68,1.31
2023-10-08,2023-11-04,google,2073,1593,76.85,0.47
2023-10-09,2023-11-05,email,1944,1529,78.65,1.31
2023-10-09,2023-11-05,google,2077,1603,77.18,0.44
2023-10-10,2023-11-06,email,1930,1522,78.86,0.86
2023-10-10,2023-11-06,google,2071,1599,77.21,0.26
2023-10-11,2023-11-07,email,1949,1535,78.76,0.86
2023-10-11,2023-11-07,google,2085,1612,77.31,0.26
2023-10-12,2023-11-08,email,1939,1520,78.39,0.86
2023-10-12,2023-11-08,google,2081,1609,77.32,0.26
2023-10-13,2023-11-09,email,1941,1528,78.72,0.87
2023-10-13,2023-11-09,google,2067,1599,77.36,0.26
2023-10-14,2023-11-10,email,1951,1532,78.52,0.82
2023-10-14,2023-11-10,google,2051,1594,77.72,0.27
2023-10-15,2023-11-11,email,1962,1538,78.39,0.8
2023-10-15,2023-11-11,google,2056,1596,77.63,0.27
2023-10-16,2023-11-12,email,1950,1525,78.21,0.98
2023-10-16,2023-11-12,google,2053,1598,77.84,0.26
2023-10-17,2023-11-13,email,1929,1504,77.97,0.99
2023-10-17,2023-11-13,google,2047,1599,78.11,0.25
2023-10-18,2023-11-14,email,1913,1493,78.04,0.99
2023-10-18,2023-11-14,google,2060,1601,77.72,0.25
2023-10-19,2023-11-15,email,1965,1536,78.17,0.97
2023-10-19,2023-11-15,google,2088,1619,77.54,0.25
2023-10-20,2023-11-16,email,1981,1542,77.84,0.96
2023-10-20,2023-11-16,google,2144,1648,76.87,0.25
2023-10-21,2023-11-17,email,2003,1561,77.93,0.96
2023-10-21,2023-11-17,google,2159,1663,77.03,0.25
2023-10-22,2023-11-18,email,2016,1579,78.32,0.97
2023-10-22,2023-11-18,google,2166,1669,77.05,0.26
2023-10-23,2023-11-19,email,2016,1582,78.47,1.65
2023-10-23,2023-11-19,google,2165,1665,76.91,0.26
2023-10-24,2023-11-20,email,2024,1585,78.31,1.24
2023-10-24,2023-11-20,google,2176,1680,77.21,0.27
2023-10-25,2023-11-21,email,2005,1572,78.4,1.25
2023-10-25,2023-11-21,google,2177,1685,77.4,0.27
2023-10-26,2023-11-22,email,2031,1593,78.43,1.25
2023-10-26,2023-11-22,google,2182,1687,77.31,0.27
2023-10-27,2023-11-23,email,2048,1600,78.13,1.25
2023-10-27,2023-11-23,google,2196,1696,77.23,0.27
2023-10-28,2023-11-24,email,2024,1584,78.26,1.26
2023-10-28,2023-11-24,google,2171,1668,76.83,0.25
2023-10-29,2023-11-25,email,2027,1579,77.9,1.25
2023-10-29,2023-11-25,google,2184,1675,76.69,0.25
2023-10-30,2023-11-26,email,2037,1592,78.15,1.26
2023-10-30,2023-11-26,google,2179,1671,76.69,0.88
2023-10-31,2023-11-27,email,2036,1592,78.19,1.22
2023-10-31,2023-11-27,google,2181,1677,76.89,0.9
2023-11-01,2023-11-28,email,2039,1596,78.27,1.22
2023-11-01,2023-11-28,google,2200,1693,76.95,0.89
2023-11-02,2023-11-29,email,2046,1600,78.2,1.22
2023-11-02,2023-11-29,google,2196,1686,76.78,0.9
2023-11-03,2023-11-30,email,2060,1614,78.35,1.46
2023-11-03,2023-11-30,google,2216,1699,76.67,0.89
2023-11-04,2023-12-01,email,2055,1617,78.69,1.44
2023-11-04,2023-12-01,google,2214,1704,76.96,0.9
2023-11-05,2023-12-02,email,2053,1606,78.23,1.44
2023-11-05,2023-12-02,google,2205,1703,77.23,0.9
2023-11-06,2023-12-03,email,2024,1580,78.06,1.48
2023-11-06,2023-12-03,google,2200,1697,77.14,0.89
2023-11-07,2023-12-04,email,2029,1582,77.97,1.47
2023-11-07,2023-12-04,google,2232,1727,77.37,0.85
2023-11-08,2023-12-05,email,2027,1571,77.5,1.48
2023-11-08,2023-12-05,google,2220,1708,76.94,0.85
2023-11-09,2023-12-06,email,2032,1585,78.0,1.48
2023-11-09,2023-12-06,google,2240,1721,76.83,0.85
2023-11-10,2023-12-07,email,2021,1577,78.03,1.48
2023-11-10,2023-12-07,google,2239,1728,77.18,0.85
2023-11-11,2023-12-08,email,2030,1582,77.93,1.47
2023-11-11,2023-12-08,google,2237,1724,77.07,0.84
2023-11-12,2023-12-09,email,2019,1576,78.06,1.48
2023-11-12,2023-12-09,google,2245,1735,77.28,0.84
2023-11-13,2023-12-10,email,2018,1574,78.0,1.58
2023-11-13,2023-12-10,google,2248,1740,77.4,1.07
2023-11-14,2023-12-11,email,2013,1568,77.89,1.58
2023-11-14,2023-12-11,google,2266,1753,77.36,1.06
2023-11-15,2023-12-12,email,2017,1571,77.89,1.59
2023-11-15,2023-12-12,google,2263,1762,77.86,1.05
2023-11-16,2023-12-13,email,1959,1521,77.64,1.63
2023-11-16,2023-12-13,google,2239,1746,77.98,1.06
2023-11-17,2023-12-14,email,1935,1508,77.93,1.81
2023-11-17,2023-12-14,google,2183,1712,78.42,1.07
2023-11-18,2023-12-15,email,1920,1481,77.14,1.83
2023-11-18,2023-12-15,google,2149,1684,78.36,1.09
2023-11-19,2023-12-16,email,1906,1471,77.18,1.83
2023-11-19,2023-12-16,google,2136,1671,78.23,1.09
2023-11-20,2023-12-17,email,1880,1447,76.97,1.11
2023-11-20,2023-12-17,google,2119,1662,78.43,1.1
2023-11-21,2023-12-18,email,1881,1446,76.87,1.11
2023-11-21,2023-12-18,google,2095,1640,78.28,1.1
2023-11-22,2023-12-19,email,1871,1437,76.8,1.13
2023-11-22,2023-12-19,google,2075,1626,78.36,1.11
2023-11-23,2023-12-20,email,1833,1413,77.09,1.13
2023-11-23,2023-12-20,google,2070,1616,78.07,1.11
2023-11-24,2023-12-21,email,1811,1406,77.64,1.15
2023-11-24,2023-12-21,google,2073,1620,78.15,1.11
2023-11-25,2023-12-22,email,1787,1383,77.39,1.16
2023-11-25,2023-12-22,google,2056,1607,78.16,1.12
2023-11-26,2023-12-23,email,1773,1377,77.66,1.19
2023-11-26,2023-12-23,google,2049,1610,78.57,1.12
2023-11-27,2023-12-24,email,1736,1351,77.82,1.19
2023-11-27,2023-12-24,google,2026,1597,78.83,0.47
2023-11-28,2023-12-25,email,1683,1312,77.96,1.22
2023-11-28,2023-12-25,google,2000,1574,78.7,0.45
2023-11-29,2023-12-26,email,1653,1283,77.62,1.23
2023-11-29,2023-12-26,google,1991,1565,78.6,0.46
2023-11-30,2023-12-27,email,1656,1285,77.6,1.23
2023-11-30,2023-12-27,google,2001,1576,78.76,0.46
2023-12-01,2023-12-28,email,1625,1257,77.35,0.89
2023-12-01,2023-12-28,google,2006,1575,78.51,0.47
2023-12-02,2023-12-29,email,1621,1252,77.24,0.89
2023-12-02,2023-12-29,google,2018,1578,78.2,0.45
2023-12-03,2023-12-30,email,1632,1270,77.82,1.12
2023-12-03,2023-12-30,google,2015,1569,77.87,0.45
2023-12-04,2023-12-31,email,1630,1270,77.91,1.09
2023-12-04,2023-12-31,google,2009,1566,77.95,0.46
2023-12-05,2024-01-01,email,1595,1243,77.93,1.11
2023-12-05,2024-01-01,google,1969,1537,78.06,0.45
2023-12-06,2024-01-02,email,1576,1235,78.36,1.15
2023-12-06,2024-01-02,google,1975,1547,78.33,0.46
2023-12-07,2024-01-03,email,1565,1227,78.4,1.15
2023-12-07,2024-01-03,google,1953,1534,78.55,0.47
2023-12-08,2024-01-04,email,1551,1211,78.08,1.16
2023-12-08,2024-01-04,google,1963,1545,78.71,0.47
2023-12-09,2024-01-05,email,1515,1191,78.61,1.18
2023-12-09,2024-01-05,google,1982,1555,78.46,0.48
2023-12-10,2024-01-06,email,1505,1179,78.34,1.18
2023-12-10,2024-01-06,google,1976,1550,78.44,0.49
2023-12-11,2024-01-07,email,1497,1180,78.82,0.85
2023-12-11,2024-01-07,google,1979,1546,78.12,0.23
2023-12-12,2024-01-08,email,1507,1188,78.83,0.85
2023-12-12,2024-01-08,google,1975,1550,78.48,0.25
2023-12-13,2024-01-09,email,1502,1190,79.23,0.86
2023-12-13,2024-01-09,google,1989,1558,78.33,0.27
2023-12-14,2024-01-10,email,1513,1204,79.58,0.88
2023-12-14,2024-01-10,google,2008,1572,78.29,0.28
2023-12-15,2024-01-11,email,1501,1199,79.88,0.68
2023-12-15,2024-01-11,google,2029,1592,78.46,0.27
2023-12-16,2024-01-12,email,1491,1199,80.42,0.77
2023-12-16,2024-01-12,google,2044,1602,78.38,0.27
2023-12-17,2024-01-13,email,1491,1200,80.48,0.77
2023-12-17,2024-01-13,google,2056,1618,78.7,0.27
2023-12-18,2024-01-14,email,1487,1198,80.56,0.77
2023-12-18,2024-01-14,google,2066,1615,78.17,0.27
2023-12-19,2024-01-15,email,1455,1183,81.31,0.78
2023-12-19,2024-01-15,google,2033,1594,78.41,0.27
2023-12-20,2024-01-16,email,1445,1176,81.38,1.56
2023-12-20,2024-01-16,google,2030,1592,78.42,0.28
2023-12-21,2024-01-17,email,1443,1166,80.8,1.57
2023-12-21,2024-01-17,google,2035,1607,78.97,0.29
2023-12-22,2024-01-18,email,1446,1169,80.84,1.56
2023-12-22,2024-01-18,google,2027,1595,78.69,0.29
2023-12-23,2024-01-19,email,1448,1170,80.8,1.56
2023-12-23,2024-01-19,google,2034,1606,78.96,0.3
2023-12-24,2024-01-20,email,1452,1170,80.58,1.54
2023-12-24,2024-01-20,google,2007,1580,78.72,0.3
2023-12-25,2024-01-21,email,1452,1161,79.96,1.56
2023-12-25,2024-01-21,google,1996,1571,78.71,0.3
2023-12-26,2024-01-22,email,1488,1191,80.04,1.55
2023-12-26,2024-01-22,google,2019,1582,78.36,0.3
2023-12-27,2024-01-23,email,1502,1204,80.16,1.54
2023-12-27,2024-01-23,google,2008,1577,78.54,0.3
2023-12-28,2024-01-24,email,1490,1195,80.2,1.61
2023-12-28,2024-01-24,google,2003,1574,78.58,0.3
2023-12-29,2024-01-25,email,1490,1199,80.47,4.83
2023-12-29,2024-01-25,google,1981,1556,78.55,0.3
2023-12-30,2024-01-26,email,1491,1199,80.42,4.82
2023-12-30,2024-01-26,google,1967,1545,78.55,0.3
2023-12-31,2024-01-27,email,1466,1174,80.08,4.66
2023-12-31,2024-01-27,google,1972,1549,78.55,0.32
2024-01-01,2024-01-28,email,1468,1174,79.97,4.67
2024-01-01,2024-01-28,google,1966,1547,78.69,0.32
2024-01-02,2024-01-29,email,1488,1194,80.24,4.62
2024-01-02,2024-01-29,google,1974,1552,78.62,0.32
2024-01-03,2024-01-30,email,1470,1178,80.14,5.04
2024-01-03,2024-01-30,google,1960,1529,78.01,0.34
2024-01-04,2024-01-31,email,1454,1163,79.99,5.09
2024-01-04,2024-01-31,google,1961,1526,77.82,0.34
2024-01-05,2024-02-01,email,1441,1156,80.22,5.12
2024-01-05,2024-02-01,google,1947,1507,77.4,0.34
2024-01-06,2024-02-02,email,1463,1165,79.63,5.09
2024-01-06,2024-02-02,google,1921,1487,77.41,0.34
2024-01-07,2024-02-03,email,1466,1174,80.08,5.07
2024-01-07,2024-02-03,google,1919,1487,77.49,0.34
2024-01-08,2024-02-04,email,1460,1159,79.38,5.12
2024-01-08,2024-02-04,google,1907,1478,77.5,0.34
2024-01-09,2024-02-05,email,1437,1141,79.4,5.18
2024-01-09,2024-02-05,google,1875,1449,77.28,0.33
2024-01-10,2024-02-06,email,1419,1123,79.14,5.24
2024-01-10,2024-02-06,google,1870,1443,77.17,0.31
2024-01-11,2024-02-07,email,1393,1094,78.54,5.45
2024-01-11,2024-02-07,google,1839,1420,77.22,0.31
2024-01-12,2024-02-08,email,1390,1086,78.13,5.48
2024-01-12,2024-02-08,google,1806,1393,77.13,0.3
2024-01-13,2024-02-09,email,1371,1072,78.19,5.46
2024-01-13,2024-02-09,google,1785,1376,77.09,0.3
2024-01-14,2024-02-10,email,1367,1064,77.83,6.42
2024-01-14,2024-02-10,google,1761,1352,76.77,0.41
2024-01-15,2024-02-11,email,1366,1065,77.96,6.87
2024-01-15,2024-02-11,google,1754,1354,77.19,0.42
2024-01-16,2024-02-12,email,1381,1078,78.06,6.78
2024-01-16,2024-02-12,google,1769,1358,76.77,0.42
2024-01-17,2024-02-13,email,1369,1069,78.09,5.95
2024-01-17,2024-02-13,google,1750,1339,76.51,0.41
2024-01-18,2024-02-14,email,1376,1079,78.42,5.91
2024-01-18,2024-02-14,google,1746,1328,76.06,0.4
2024-01-19,2024-02-15,email,1374,1081,78.68,5.89
2024-01-19,2024-02-15,google,1787,1358,75.99,0.4
2024-01-20,2024-02-16,email,1396,1102,78.94,5.8
2024-01-20,2024-02-16,google,1833,1395,76.1,0.37
2024-01-21,2024-02-17,email,1406,1112,79.09,5.75
2024-01-21,2024-02-17,google,1862,1413,75.89,0.37
2024-01-22,2024-02-18,email,1420,1127,79.37,5.67
2024-01-22,2024-02-18,google,1886,1422,75.4,0.36
2024-01-23,2024-02-19,email,1413,1117,79.05,5.72
2024-01-23,2024-02-19,google,1902,1439,75.66,1.01
2024-01-24,2024-02-20,email,1429,1129,79.01,5.66
2024-01-24,2024-02-20,google,1921,1446,75.27,1.0
2024-01-25,2024-02-21,email,1459,1148,78.68,6.82
2024-01-25,2024-02-21,google,1958,1479,75.54,0.97
2024-01-26,2024-02-22,email,1466,1153,78.65,3.52
2024-01-26,2024-02-22,google,1976,1487,75.25,1.1
2024-01-27,2024-02-23,email,1471,1154,78.45,3.51
2024-01-27,2024-02-23,google,1964,1471,74.9,1.12
2024-01-28,2024-02-24,email,1443,1131,78.38,3.58
2024-01-28,2024-02-24,google,1905,1428,74.96,1.13
2024-01-29,2024-02-25,email,1397,1096,78.45,3.67
2024-01-29,2024-02-25,google,1849,1377,74.47,1.16
2024-01-30,2024-02-26,email,1396,1091,78.15,3.69
2024-01-30,2024-02-26,google,1832,1367,74.62,1.18
2024-01-31,2024-02-27,email,1402,1096,78.17,3.25
2024-01-31,2024-02-27,google,1827,1369,74.93,1.15
2024-02-01,2024-02-28,email,1412,1105,78.26,3.24
2024-02-01,2024-02-28,google,1821,1367,75.07,1.16
2024-02-02,2024-02-29,email,1408,1103,78.34,3.24
2024-02-02,2024-02-29,google,1811,1360,75.1,1.17
2024-02-03,2024-03-01,email,1384,1084,78.32,3.29
2024-02-03,2024-03-01,google,1818,1366,75.14,1.17
2024-02-04,2024-03-02,email,1374,1074,78.17,3.34
2024-02-04,2024-03-02,google,1819,1369,75.26,1.17
2024-02-05,2024-03-03,email,1376,1079,78.42,3.33
2024-02-05,2024-03-03,google,1819,1366,75.1,1.18
2024-02-06,2024-03-04,email,1403,1093,77.9,3.27
2024-02-06,2024-03-04,google,1828,1366,74.73,1.17
2024-02-07,2024-03-05,email,1427,1112,77.93,3.24
2024-02-07,2024-03-05,google,1814,1352,74.53,1.19
2024-02-08,2024-03-06,email,1442,1131,78.43,3.12
2024-02-08,2024-03-06,google,1819,1353,74.38,1.19
2024-02-09,2024-03-07,email,1445,1145,79.24,3.12
2024-02-09,2024-03-07,google,1817,1349,74.24,1.22
2024-02-10,2024-03-08,email,1472,1160,78.8,3.08
2024-02-10,2024-03-08,google,1832,1360,74.24,1.23
2024-02-11,2024-03-09,email,1484,1165,78.5,2.19
2024-02-11,2024-03-09,google,1857,1376,74.1,1.12
2024-02-12,2024-03-10,email,1475,1161,78.71,1.76
2024-02-12,2024-03-10,google,1849,1366,73.88,1.12
2024-02-13,2024-03-11,email,1465,1148,78.36,1.78
2024-02-13,2024-03-11,google,1871,1384,73.97,1.11
2024-02-14,2024-03-12,email,1487,1162,78.14,1.77
2024-02-14,2024-03-12,google,1895,1397,73.72,1.11
2024-02-15,2024-03-13,email,1473,1154,78.34,1.77
2024-02-15,2024-03-13,google,1903,1405,73.83,1.11
2024-02-16,2024-03-14,email,1463,1135,77.58,1.79
2024-02-16,2024-03-14,google,1845,1362,73.82,1.32
2024-02-17,2024-03-15,email,1434,1115,77.75,1.82
2024-02-17,2024-03-15,google,1804,1329,73.67,1.35
2024-02-18,2024-03-16,email,1431,1108,77.43,1.83
2024-02-18,2024-03-16,google,1784,1318,73.88,1.4
2024-02-19,2024-03-17,email,1441,1114,77.31,2.3
2024-02-19,2024-03-17,google,1772,1316,74.27,1.4
2024-02-20,2024-03-18,email,1467,1139,77.64,2.26
2024-02-20,2024-03-18,google,1779,1313,73.81,0.85
2024-02-21,2024-03-19,email,1473,1145,77.73,2.25
2024-02-21,2024-03-19,google,1780,1314,73.82,0.85
2024-02-22,2024-03-20,email,1454,1132,77.85,0.87
2024-02-22,2024-03-20,google,1755,1287,73.33,0.88
2024-02-23,2024-03-21,email,1455,1135,78.01,0.87
2024-02-23,2024-03-21,google,1742,1287,73.88,0.73
2024-02-24,2024-03-22,email,1461,1141,78.1,0.86
2024-02-24,2024-03-22,google,1756,1296,73.8,0.73
2024-02-25,2024-03-23,email,1493,1163,77.9,0.89
2024-02-25,2024-03-23,google,1818,1330,73.16,0.72
2024-02-26,2024-03-24,email,1550,1208,77.94,0.86
2024-02-26,2024-03-24,google,1883,1382,73.39,0.72
2024-02-27,2024-03-25,email,1545,1204,77.93,0.89
2024-02-27,2024-03-25,google,1898,1387,73.08,0.71
2024-02-28,2024-03-26,email,1555,1214,78.07,0.91
2024-02-28,2024-03-26,google,1922,1407,73.2,0.7
2024-02-29,2024-03-27,email,1553,1205,77.59,0.99
2024-02-29,2024-03-27,google,1929,1397,72.42,0.69
2024-03-01,2024-03-28,email,1558,1209,77.6,0.99
2024-03-01,2024-03-28,google,1923,1392,72.39,0.7
2024-03-02,2024-03-29,email,1578,1227,77.76,0.98
2024-03-02,2024-03-29,google,1929,1393,72.21,0.72
2024-03-03,2024-03-30,email,1588,1230,77.46,2.57
2024-03-03,2024-03-30,google,1915,1378,71.96,0.71
2024-03-04,2024-03-31,email,1584,1227,77.46,2.61
2024-03-04,2024-03-31,google,1907,1371,71.89,0.71
2024-03-05,2024-04-01,email,1563,1219,77.99,2.64
2024-03-05,2024-04-01,google,1902,1371,72.08,0.71
2024-03-06,2024-04-02,email,1562,1217,77.91,2.62
2024-03-06,2024-04-02,google,1908,1372,71.91,0.7
2024-03-07,2024-04-03,email,1576,1227,77.86,2.6
2024-03-07,2024-04-03,google,1912,1372,71.76,0.71
2024-03-08,2024-04-04,email,1590,1234,77.61,2.59
2024-03-08,2024-04-04,google,1936,1389,71.75,0.67
2024-03-09,2024-04-05,email,1594,1243,77.98,2.57
2024-03-09,2024-04-05,google,1943,1398,71.95,0.66
2024-03-10,2024-04-06,email,1596,1247,78.13,2.56
2024-03-10,2024-04-06,google,1916,1384,72.23,0.67
2024-03-11,2024-04-07,email,1616,1258,77.85,2.54
2024-03-11,2024-04-07,google,1928,1395,72.35,0.68
2024-03-12,2024-04-08,email,1644,1279,77.8,2.51
2024-03-12,2024-04-08,google,1943,1404,72.26,0.68
2024-03-13,2024-04-09,email,1636,1275,77.93,2.54
2024-03-13,2024-04-09,google,1929,1396,72.37,0.68
2024-03-14,2024-04-10,email,1663,1293,77.75,2.51
2024-03-14,2024-04-10,google,1917,1385,72.25,0.84
2024-03-15,2024-04-11,email,1662,1295,77.92,2.51
2024-03-15,2024-04-11,google,1933,1395,72.17,0.67
2024-03-16,2024-04-12,email,1681,1298,77.22,2.49
2024-03-16,2024-04-12,google,1927,1377,71.46,1.33
2024-03-17,2024-04-13,email,1677,1299,77.46,2.53
2024-03-17,2024-04-13,google,1923,1366,71.03,1.3
2024-03-18,2024-04-14,email,1673,1297,77.53,2.16
2024-03-18,2024-04-14,google,1930,1374,71.19,1.3
2024-03-19,2024-04-15,email,1665,1289,77.42,3.9
2024-03-19,2024-04-15,google,1919,1374,71.6,1.15
2024-03-20,2024-04-16,email,1642,1272,77.47,3.95
2024-03-20,2024-04-16,google,1912,1373,71.81,1.35
2024-03-21,2024-04-17,email,1650,1282,77.7,4.04
2024-03-21,2024-04-17,google,1910,1369,71.68,1.36
2024-03-22,2024-04-18,email,1670,1295,77.54,4.04
2024-03-22,2024-04-18,google,1901,1362,71.65,1.37
2024-03-23,2024-04-19,email,1669,1298,77.77,4.01
2024-03-23,2024-04-19,google,1888,1363,72.19,1.37
2024-03-24,2024-04-20,email,1687,1307,77.47,4.0
2024-03-24,2024-04-20,google,1871,1366,73.01,4.88
2024-03-25,2024-04-21,email,1707,1329,77.86,3.91
2024-03-25,2024-04-21,google,1870,1359,72.67,4.89
2024-03-26,2024-04-22,email,1728,1348,78.01,3.87
2024-03-26,2024-04-22,google,1883,1368,72.65,4.91
2024-03-27,2024-04-23,email,1749,1369,78.27,3.81
2024-03-27,2024-04-23,google,1890,1376,72.8,4.88
2024-03-28,2024-04-24,email,1762,1382,78.43,4.41
2024-03-28,2024-04-24,google,1893,1388,73.32,4.85
2024-03-29,2024-04-25,email,1763,1381,78.33,5.1
2024-03-29,2024-04-25,google,1901,1388,73.01,4.85
2024-03-30,2024-04-26,email,1757,1378,78.43,5.12
2024-03-30,2024-04-26,google,1888,1378,72.99,4.89
2024-03-31,2024-04-27,email,1760,1384,78.64,3.66
2024-03-31,2024-04-27,google,1896,1373,72.42,4.9
2024-04-01,2024-04-28,email,1774,1395,78.64,4.41
2024-04-01,2024-04-28,google,1916,1390,72.55,4.84
2024-04-02,2024-04-29,email,1795,1410,78.55,4.37
2024-04-02,2024-04-29,google,1944,1414,72.74,6.58
2024-04-03,2024-04-30,email,1859,1440,77.46,4.27
2024-04-03,2024-04-30,google,1986,1435,72.26,6.5
2024-04-04,2024-05-01,email,1868,1450,77.62,4.27
2024-04-04,2024-05-01,google,2014,1452,72.1,6.43
2024-04-05,2024-05-02,email,1869,1444,77.26,4.29
2024-04-05,2024-05-02,google,2015,1450,71.96,6.43
2024-04-06,2024-05-03,email,1855,1428,76.98,5.22
2024-04-06,2024-05-03,google,2026,1453,71.72,6.41
2024-04-07,2024-05-04,email,1862,1440,77.34,5.38
2024-04-07,2024-05-04,google,2044,1467,71.77,6.36
2024-04-08,2024-05-05,email,1873,1448,77.31,5.35
2024-04-08,2024-05-05,google,2056,1477,71.84,6.31
2024-04-09,2024-05-06,email,1857,1433,77.17,5.61
2024-04-09,2024-05-06,google,2040,1468,71.96,6.36
2024-04-10,2024-05-07,email,1905,1465,76.9,5.49
2024-04-10,2024-05-07,google,2093,1500,71.67,6.25
2024-04-11,2024-05-08,email,1901,1455,76.54,6.28
2024-04-11,2024-05-08,google,2110,1509,71.52,6.08
2024-04-12,2024-05-09,email,1933,1473,76.2,6.2
2024-04-12,2024-05-09,google,2118,1507,71.15,6.1
2024-04-13,2024-05-10,email,1945,1488,76.5,6.13
2024-04-13,2024-05-10,google,2113,1511,71.51,5.53
2024-04-14,2024-05-11,email,1957,1495,76.39,6.85
2024-04-14,2024-05-11,google,2135,1525,71.43,5.51
2024-04-15,2024-05-12,email,1952,1492,76.43,6.83
2024-04-15,2024-05-12,google,2136,1524,71.35,5.51
2024-04-16,2024-05-13,email,1957,1493,76.29,5.67
2024-04-16,2024-05-13,google,2124,1512,71.19,5.61
2024-04-17,2024-05-14,email,1979,1508,76.2,5.61
2024-04-17,2024-05-14,google,2124,1505,70.86,5.46
2024-04-18,2024-05-15,email,1984,1509,76.06,5.52
2024-04-18,2024-05-15,google,2128,1509,70.91,5.43
2024-04-19,2024-05-16,email,1981,1494,75.42,5.88
2024-04-19,2024-05-16,google,2146,1511,70.41,5.42
2024-04-20,2024-05-17,email,1987,1498,75.39,5.88
2024-04-20,2024-05-17,google,2163,1516,70.09,5.41
2024-04-21,2024-05-18,email,1972,1490,75.56,6.41
2024-04-21,2024-05-18,google,2183,1530,70.09,2.25
2024-04-22,2024-05-19,email,1961,1482,75.57,7.33
2024-04-22,2024-05-19,google,2186,1528,69.9,2.26
2024-04-23,2024-05-20,email,1980,1492,75.35,7.35
2024-04-23,2024-05-20,google,2192,1532,69.89,2.26
2024-04-24,2024-05-21,email,1965,1480,75.32,7.73
2024-04-24,2024-05-21,google,2192,1527,69.66,2.26
2024-04-25,2024-05-22,email,1975,1487,75.29,7.09
2024-04-25,2024-05-22,google,2206,1536,69.63,2.48
2024-04-26,2024-05-23,email,2003,1509,75.34,6.4
2024-04-26,2024-05-23,google,2220,1553,69.95,2.47
2024-04-27,2024-05-24,email,1999,1506,75.34,6.4
2024-04-27,2024-05-24,google,2230,1567,70.27,2.42
2024-04-28,2024-05-25,email,2003,1506,75.19,6.4
2024-04-28,2024-05-25,google,2242,1575,70.25,2.41
2024-04-29,2024-05-26,email,2017,1515,75.11,5.68
2024-04-29,2024-05-26,google,2244,1575,70.19,2.41
2024-04-30,2024-05-27,email,2031,1536,75.63,5.7
2024-04-30,2024-05-27,google,2233,1561,69.91,0.79
2024-05-01,2024-05-28,email,1981,1513,76.38,6.48
2024-05-01,2024-05-28,google,2192,1544,70.44,0.78
2024-05-02,2024-05-29,email,1966,1499,76.25,7.64
2024-05-02,2024-05-29,google,2165,1523,70.35,0.78
2024-05-03,2024-05-30,email,1950,1490,76.41,7.66
2024-05-03,2024-05-30,google,2132,1503,70.5,0.79
2024-05-04,2024-05-31,email,1961,1499,76.44,6.84
2024-05-04,2024-05-31,google,2124,1501,70.67,0.8
2024-05-05,2024-06-01,email,1950,1477,75.74,6.87
2024-05-05,2024-06-01,google,2114,1494,70.67,0.83
2024-05-06,2024-06-02,email,1934,1461,75.54,6.92
2024-05-06,2024-06-02,google,2114,1489,70.44,1.29
2024-05-07,2024-06-03,email,1942,1464,75.39,6.69
2024-05-07,2024-06-03,google,2111,1486,70.39,1.31
2024-05-08,2024-06-04,email,1921,1454,75.69,6.68
2024-05-08,2024-06-04,google,2055,1455,70.8,1.32
2024-05-09,2024-06-05,email,1926,1459,75.75,6.6
2024-05-09,2024-06-05,google,2060,1449,70.34,1.49
2024-05-10,2024-06-06,email,1935,1475,76.23,6.56
2024-05-10,2024-06-06,google,2042,1428,69.93,3.41
2024-05-11,2024-06-07,email,1961,1487,75.83,6.55
2024-05-11,2024-06-07,google,2055,1415,68.86,3.38
2024-05-12,2024-06-08,email,1967,1489,75.7,5.82
2024-05-12,2024-06-08,google,2034,1381,67.9,3.42
2024-05-13,2024-06-09,email,2025,1539,76.0,6.75
2024-05-13,2024-06-09,google,2058,1374,66.76,11.38
2024-05-14,2024-06-10,email,2066,1569,75.94,6.37
2024-05-14,2024-06-10,google,2047,1356,66.24,11.3
2024-05-15,2024-06-11,email,2089,1584,75.83,6.31
2024-05-15,2024-06-11,google,2032,1331,65.5,11.35
2024-05-16,2024-06-12,email,2098,1585,75.55,6.29
2024-05-16,2024-06-12,google,2009,1291,64.26,11.65
2024-05-17,2024-06-13,email,2136,1630,76.31,5.87
2024-05-17,2024-06-13,google,2066,1281,62.0,11.48
2024-05-18,2024-06-14,email,2163,1652,76.38,5.83
2024-05-18,2024-06-14,google,2083,1267,60.83,11.64
2024-05-19,2024-06-15,email,2201,1688,76.69,5.29
2024-05-19,2024-06-15,google,2076,1242,59.83,11.65
2024-05-20,2024-06-16,email,2254,1727,76.62,4.92
2024-05-20,2024-06-16,google,2095,1244,59.38,13.69
2024-05-21,2024-06-17,email,2272,1748,76.94,4.79
2024-05-21,2024-06-17,google,2093,1220,58.29,13.61
2024-05-22,2024-06-18,email,2313,1776,76.78,4.41
2024-05-22,2024-06-18,google,2099,1198,57.07,13.61
2024-05-23,2024-06-19,email,2323,1788,76.97,4.38
2024-05-23,2024-06-19,google,2097,1166,55.6,13.45
2024-05-24,2024-06-20,email,2348,1806,76.92,4.32
2024-05-24,2024-06-20,google,2110,1153,54.64,13.4
2024-05-25,2024-06-21,email,2411,1858,77.06,4.21
2024-05-25,2024-06-21,google,2126,1136,53.43,14.25
2024-05-26,2024-06-22,email,2474,1902,76.88,4.12
2024-05-26,2024-06-22,google,2151,1138,52.91,13.93
2024-05-27,2024-06-23,email,2523,1941,76.93,4.05
2024-05-27,2024-06-23,google,2165,1122,51.82,13.79
2024-05-28,2024-06-24,email,2564,1969,76.79,3.91
2024-05-28,2024-06-24,google,2167,1108,51.13,13.69
2024-05-29,2024-06-25,email,2583,1991,77.08,3.31
2024-05-29,2024-06-25,google,2164,1088,50.28,13.68
2024-05-30,2024-06-26,email,2633,2025,76.91,2.38
2024-05-30,2024-06-26,google,2189,1081,49.38,13.57
2024-05-31,2024-06-27,email,2682,2063,76.92,2.33
2024-05-31,2024-06-27,google,2218,1079,48.65,13.74
2024-06-01,2024-06-28,email,2712,2090,77.06,2.31
2024-06-01,2024-06-28,google,2213,1053,47.58,13.79
2024-06-02,2024-06-29,email,2745,2127,77.49,2.17
2024-06-02,2024-06-29,google,2237,1043,46.62,13.68
2024-06-03,2024-06-30,email,2799,2175,77.71,2.29
2024-06-03,2024-06-30,google,2236,1026,45.89,13.66
2024-06-04,2024-07-01,email,2842,2217,78.01,2.78
2024-06-04,2024-07-01,google,2262,1020,45.09,15.14
2024-06-05,2024-07-02,email,2864,2235,78.04,2.77
2024-06-05,2024-07-02,google,2279,1014,44.49,14.91
2024-06-06,2024-07-03,email,2880,2258,78.4,2.34
2024-06-06,2024-07-03,google,2255,994,44.08,14.82
2024-06-07,2024-07-04,email,2887,2266,78.49,2.36
2024-06-07,2024-07-04,google,2271,1000,44.03,13.17
2024-06-08,2024-07-05,email,2879,2273,78.95,2.35
2024-06-08,2024-07-05,google,2256,998,44.24,13.21
2024-06-09,2024-07-06,email,2883,2281,79.12,2.32
2024-06-09,2024-07-06,google,2254,1001,44.41,13.15
2024-06-10,2024-07-07,email,2862,2259,78.93,1.58
2024-06-10,2024-07-07,google,2238,988,44.15,6.57
2024-06-11,2024-07-08,email,2840,2251,79.26,1.58
2024-06-11,2024-07-08,google,2237,990,44.26,6.56
2024-06-12,2024-07-09,email,2839,2254,79.39,1.57
2024-06-12,2024-07-09,google,2243,990,44.14,6.57
2024-06-13,2024-07-10,email,2863,2283,79.74,2.0
2024-06-13,2024-07-10,google,2250,1009,44.84,8.01
2024-06-14,2024-07-11,email,2849,2274,79.82,2.35
2024-06-14,2024-07-11,google,2192,1007,45.94,8.3
2024-06-15,2024-07-12,email,2853,2284,80.06,2.33
2024-06-15,2024-07-12,google,2185,1017,46.54,10.86
2024-06-16,2024-07-13,email,2833,2269,80.09,2.34
2024-06-16,2024-07-13,google,2173,1008,46.39,10.99
2024-06-17,2024-07-14,email,2807,2258,80.44,2.06
2024-06-17,2024-07-14,google,2144,998,46.55,9.13
2024-06-18,2024-07-15,email,2780,2234,80.36,2.09
2024-06-18,2024-07-15,google,2106,985,46.77,14.08
2024-06-19,2024-07-16,email,2723,2185,80.24,2.61
2024-06-19,2024-07-16,google,2072,988,47.68,14.24
2024-06-20,2024-07-17,email,2700,2157,79.89,2.79
2024-06-20,2024-07-17,google,2055,1003,48.81,14.28
2024-06-21,2024-07-18,email,2677,2135,79.75,2.81
2024-06-21,2024-07-18,google,2033,1001,49.24,14.46
2024-06-22,2024-07-19,email,2642,2091,79.14,3.45
2024-06-22,2024-07-19,google,2015,1014,50.32,13.74
2024-06-23,2024-07-20,email,2577,2043,79.28,3.52
2024-06-23,2024-07-20,google,1979,1020,51.54,13.97
2024-06-24,2024-07-21,email,2522,1993,79.02,5.28
2024-06-24,2024-07-21,google,1972,1041,52.79,14.01
2024-06-25,2024-07-22,email,2460,1933,78.58,5.42
2024-06-25,2024-07-22,google,1963,1056,53.8,14.09
2024-06-26,2024-07-23,email,2422,1896,78.28,5.53
2024-06-26,2024-07-23,google,1965,1076,54.76,14.12
2024-06-27,2024-07-24,email,2371,1864,78.62,5.63
2024-06-27,2024-07-24,google,1952,1095,56.1,14.17
2024-06-28,2024-07-25,email,2322,1818,78.29,5.79
2024-06-28,2024-07-25,google,1933,1101,56.96,13.95
2024-06-29,2024-07-26,email,2279,1781,78.15,5.91
2024-06-29,2024-07-26,google,1925,1112,57.77,14.02
2024-06-30,2024-07-27,email,2229,1737,77.93,6.04
2024-06-30,2024-07-27,google,1895,1111,58.63,14.19
2024-07-01,2024-07-28,email,2180,1695,77.75,5.98
2024-07-01,2024-07-28,google,1891,1130,59.76,13.82
2024-07-02,2024-07-29,email,2122,1642,77.38,5.48
2024-07-02,2024-07-29,google,1862,1128,60.58,12.15
2024-07-03,2024-07-30,email,2066,1597,77.3,5.66
2024-07-03,2024-07-30,google,1858,1133,60.98,12.36
2024-07-04,2024-07-31,email,2035,1570,77.15,5.75
2024-07-04,2024-07-31,google,1855,1146,61.78,12.29
2024-07-05,2024-08-01,email,2003,1531,76.44,5.88
2024-07-05,2024-08-01,google,1850,1159,62.65,12.38
2024-07-06,2024-08-02,email,1947,1483,76.17,6.07
2024-07-06,2024-08-02,google,1870,1186,63.42,12.28
2024-07-07,2024-08-03,email,1933,1473,76.2,6.16
2024-07-07,2024-08-03,google,1890,1212,64.13,12.18
2024-07-08,2024-08-04,email,1892,1437,75.95,6.31
2024-07-08,2024-08-04,google,1866,1216,65.17,12.38
2024-07-09,2024-08-05,email,1857,1405,75.66,6.45
2024-07-09,2024-08-05,google,1862,1221,65.57,12.57
2024-07-10,2024-08-06,email,1809,1366,75.51,6.62
2024-07-10,2024-08-06,google,1850,1237,66.86,12.6
2024-07-11,2024-08-07,email,1754,1319,75.2,6.07
2024-07-11,2024-08-07,google,1851,1244,67.21,10.68
2024-07-12,2024-08-08,email,1717,1292,75.25,5.52
2024-07-12,2024-08-08,google,1828,1251,68.44,10.48
2024-07-13,2024-08-09,email,1662,1239,74.55,5.75
2024-07-13,2024-08-09,google,1804,1253,69.46,6.87
2024-07-14,2024-08-10,email,1640,1215,74.09,5.87
2024-07-14,2024-08-10,google,1821,1277,70.13,6.78
2024-07-15,2024-08-11,email,1601,1170,73.08,5.98
2024-07-15,2024-08-11,google,1814,1279,70.51,6.87
2024-07-16,2024-08-12,email,1574,1145,72.74,6.08
2024-07-16,2024-08-12,google,1841,1308,71.05,0.48
2024-07-17,2024-08-13,email,1607,1178,73.3,5.01
2024-07-17,2024-08-13,google,1898,1355,71.39,0.46
2024-07-18,2024-08-14,email,1616,1192,73.76,4.72
2024-07-18,2024-08-14,google,1931,1378,71.36,0.47
2024-07-19,2024-08-15,email,1609,1188,73.83,4.75
2024-07-19,2024-08-15,google,1976,1420,71.86,0.45
2024-07-20,2024-08-16,email,1594,1192,74.78,3.69
2024-07-20,2024-08-16,google,1975,1417,71.75,0.44
2024-07-21,2024-08-17,email,1572,1183,75.25,4.21
2024-07-21,2024-08-17,google,1993,1434,71.95,0.44
2024-07-22,2024-08-18,email,1584,1197,75.57,1.18
2024-07-22,2024-08-18,google,2015,1452,72.06,0.43
2024-07-23,2024-08-19,email,1598,1216,76.1,1.22
2024-07-23,2024-08-19,google,2042,1472,72.09,0.4
2024-07-24,2024-08-20,email,1614,1233,76.39,1.28
2024-07-24,2024-08-20,google,2071,1497,72.28,2.17
2024-07-25,2024-08-21,email,1635,1254,76.7,1.26
2024-07-25,2024-08-21,google,2116,1531,72.35,2.89
2024-07-26,2024-08-22,email,1650,1271,77.03,1.19
2024-07-26,2024-08-22,google,2159,1567,72.58,2.85
2024-07-27,2024-08-23,email,1653,1273,77.01,1.19
2024-07-27,2024-08-23,google,2183,1591,72.88,2.82
2024-07-28,2024-08-24,email,1662,1277,76.84,1.35
2024-07-28,2024-08-24,google,2213,1610,72.75,2.79
2024-07-29,2024-08-25,email,1677,1290,76.92,1.32
2024-07-29,2024-08-25,google,2248,1636,72.78,2.74
2024-07-30,2024-08-26,email,1694,1299,76.68,1.32
2024-07-30,2024-08-26,google,2286,1662,72.7,3.44
2024-07-31,2024-08-27,email,1725,1324,76.75,1.33
2024-07-31,2024-08-27,google,2327,1704,73.23,3.37
2024-08-01,2024-08-28,email,1734,1331,76.76,1.3
2024-08-01,2024-08-28,google,2390,1754,73.39,3.26
2024-08-02,2024-08-29,email,1741,1343,77.14,1.38
2024-08-02,2024-08-29,google,2403,1768,73.57,3.23
2024-08-03,2024-08-30,email,1756,1356,77.22,1.37
2024-08-03,2024-08-30,google,2412,1778,73.71,3.21
2024-08-04,2024-08-31,email,1750,1350,77.14,1.34
2024-08-04,2024-08-31,google,2418,1789,73.99,3.19
2024-08-05,2024-09-01,email,1749,1350,77.19,1.75
2024-08-05,2024-09-01,google,2447,1820,74.38,3.13
2024-08-06,2024-09-02,email,1756,1356,77.22,1.74
2024-08-06,2024-09-02,google,2477,1844,74.44,3.09
2024-08-07,2024-09-03,email,1787,1374,76.89,1.73
2024-08-07,2024-09-03,google,2531,1886,74.52,3.04
2024-08-08,2024-09-04,email,1818,1402,77.12,1.77
2024-08-08,2024-09-04,google,2581,1928,74.7,3.0
2024-08-09,2024-09-05,email,1836,1406,76.58,1.77
2024-08-09,2024-09-05,google,2612,1954,74.81,2.95
2024-08-10,2024-09-06,email,1885,1445,76.66,1.86
2024-08-10,2024-09-06,google,2652,1982,74.74,2.91
2024-08-11,2024-09-07,email,1907,1466,76.87,1.81
2024-08-11,2024-09-07,google,2673,2003,74.93,2.88
2024-08-12,2024-09-08,email,1937,1494,77.13,1.8
2024-08-12,2024-09-08,google,2736,2057,75.18,2.81
2024-08-13,2024-09-09,email,1938,1490,76.88,1.81
2024-08-13,2024-09-09,google,2752,2073,75.33,2.79
2024-08-14,2024-09-10,email,1923,1479,76.91,1.84
2024-08-14,2024-09-10,google,2757,2077,75.34,2.82
2024-08-15,2024-09-11,email,1916,1475,76.98,1.83
2024-08-15,2024-09-11,google,2764,2084,75.4,2.83
2024-08-16,2024-09-12,email,1923,1488,77.38,1.8
2024-08-16,2024-09-12,google,2763,2091,75.68,2.82
2024-08-17,2024-09-13,email,1945,1503,77.28,1.8
2024-08-17,2024-09-13,google,2798,2122,75.84,2.83
2024-08-18,2024-09-14,email,1974,1528,77.41,1.44
2024-08-18,2024-09-14,google,2826,2144,75.87,2.8
2024-08-19,2024-09-15,email,1994,1552,77.83,2.01
2024-08-19,2024-09-15,google,2825,2148,76.04,2.8
2024-08-20,2024-09-16,email,1994,1547,77.58,2.02
2024-08-20,2024-09-16,google,2835,2162,76.26,2.78
2024-08-21,2024-09-17,email,1997,1550,77.62,1.96
2024-08-21,2024-09-17,google,2860,2182,76.29,1.53
2024-08-22,2024-09-18,email,2015,1561,77.47,5.0
2024-08-22,2024-09-18,google,2852,2180,76.44,0.96
2024-08-23,2024-09-19,email,2042,1577,77.23,4.95
2024-08-23,2024-09-19,google,2888,2217,76.77,0.92
2024-08-24,2024-09-20,email,2073,1607,77.52,4.86
2024-08-24,2024-09-20,google,2916,2242,76.89,0.91
2024-08-25,2024-09-21,email,2109,1639,77.71,4.72
2024-08-25,2024-09-21,google,2928,2259,77.15,1.25
2024-08-26,2024-09-22,email,2132,1661,77.91,4.67
2024-08-26,2024-09-22,google,2925,2262,77.33,1.24
2024-08-27,2024-09-23,email,2173,1707,78.55,4.55
2024-08-27,2024-09-23,google,2949,2303,78.09,0.68
2024-08-28,2024-09-24,email,2189,1717,78.44,4.53
2024-08-28,2024-09-24,google,2955,2305,78.0,0.66
2024-08-29,2024-09-25,email,2212,1734,78.39,4.49
2024-08-29,2024-09-25,google,2962,2312,78.06,1.99
2024-08-30,2024-09-26,email,2231,1751,78.48,4.39
2024-08-30,2024-09-26,google,2978,2328,78.17,1.98
2024-08-31,2024-09-27,email,2265,1780,78.59,6.95
2024-08-31,2024-09-27,google,3001,2353,78.41,2.45
2024-09-01,2024-09-28,email,2296,1796,78.22,6.9
2024-09-01,2024-09-28,google,3026,2376,78.52,2.43
2024-09-02,2024-09-29,email,2335,1836,78.63,6.79
2024-09-02,2024-09-29,google,3064,2404,78.46,2.51
2024-09-03,2024-09-30,email,2381,1865,78.33,7.16
2024-09-03,2024-09-30,google,3129,2468,78.88,2.46
2024-09-04,2024-10-01,email,2404,1884,78.37,7.1
2024-09-04,2024-10-01,google,3130,2471,78.95,2.45
2024-09-05,2024-10-02,email,2413,1892,78.41,7.05
2024-09-05,2024-10-02,google,3139,2483,79.1,2.42
2024-09-06,2024-10-03,email,2434,1919,78.84,6.95
2024-09-06,2024-10-03,google,3168,2504,79.04,2.4
2024-09-07,2024-10-04,email,2434,1924,79.05,6.84
2024-09-07,2024-10-04,google,3191,2526,79.16,2.38
2024-09-08,2024-10-05,email,2467,1955,79.25,7.04
2024-09-08,2024-10-05,google,3206,2542,79.29,2.36
2024-09-09,2024-10-06,email,2466,1958,79.4,7.05
2024-09-09,2024-10-06,google,3234,2564,79.28,2.35
2024-09-10,2024-10-07,email,2499,1994,79.79,6.93
2024-09-10,2024-10-07,google,3264,2581,79.07,2.34
2024-09-11,2024-10-08,email,2559,2039,79.68,6.8
2024-09-11,2024-10-08,google,3302,2613,79.13,2.3
2024-09-12,2024-10-09,email,2612,2088,79.94,7.01
2024-09-12,2024-10-09,google,3363,2668,79.33,2.24
2024-09-13,2024-10-10,email,2651,2118,79.89,7.2
2024-09-13,2024-10-10,google,3416,2711,79.36,2.21
2024-09-14,2024-10-11,email,2668,2132,79.91,7.18
2024-09-14,2024-10-11,google,3457,2746,79.43,2.16
2024-09-15,2024-10-12,email,2688,2144,79.76,7.14
2024-09-15,2024-10-12,google,3457,2750,79.55,2.16
2024-09-16,2024-10-13,email,2663,2113,79.35,6.79
2024-09-16,2024-10-13,google,3416,2712,79.39,2.19
2024-09-17,2024-10-14,email,2656,2107,79.33,6.78
2024-09-17,2024-10-14,google,3395,2695,79.38,2.2
2024-09-18,2024-10-15,email,2703,2143,79.28,6.67
2024-09-18,2024-10-15,google,3438,2738,79.64,2.19
2024-09-19,2024-10-16,email,2719,2161,79.48,4.23
2024-09-19,2024-10-16,google,3458,2758,79.76,2.18
2024-09-20,2024-10-17,email,2712,2154,79.42,4.24
2024-09-20,2024-10-17,google,3458,2751,79.55,2.2
2024-09-21,2024-10-18,email,2729,2168,79.44,4.22
2024-09-21,2024-10-18,google,3471,2762,79.57,2.21
2024-09-22,2024-10-19,email,2725,2165,79.45,4.23
2024-09-22,2024-10-19,google,3497,2786,79.67,1.91
2024-09-23,2024-10-20,email,2747,2185,79.54,4.19
2024-09-23,2024-10-20,google,3537,2819,79.7,1.89
2024-09-24,2024-10-21,email,2745,2189,79.74,4.27
2024-09-24,2024-10-21,google,3544,2817,79.49,1.95
2024-09-25,2024-10-22,email,2749,2207,80.28,4.25
2024-09-25,2024-10-22,google,3558,2831,79.57,1.97
2024-09-26,2024-10-23,email,2755,2211,80.25,4.42
2024-09-26,2024-10-23,google,3571,2841,79.56,0.89
2024-09-27,2024-10-24,email,2749,2212,80.47,4.42
2024-09-27,2024-10-24,google,3580,2845,79.47,0.9
2024-09-28,2024-10-25,email,2737,2200,80.38,2.66
2024-09-28,2024-10-25,google,3569,2836,79.46,0.5
2024-09-29,2024-10-26,email,2726,2194,80.48,2.66
2024-09-29,2024-10-26,google,3575,2837,79.36,0.52
2024-09-30,2024-10-27,email,2714,2171,79.99,2.56
2024-09-30,2024-10-27,google,3567,2823,79.14,0.42
2024-10-01,2024-10-28,email,2710,2173,80.18,2.15
2024-10-01,2024-10-28,google,3549,2794,78.73,0.45
2024-10-02,2024-10-29,email,2700,2175,80.56,2.14
2024-10-02,2024-10-29,google,3573,2812,78.7,0.45
2024-10-03,2024-10-30,email,2700,2172,80.44,2.14
2024-10-03,2024-10-30,google,3594,2827,78.66,0.45
2024-10-04,2024-10-31,email,2675,2152,80.45,2.17
2024-10-04,2024-10-31,google,3587,2821,78.65,0.45
2024-10-05,2024-11-01,email,2664,2142,80.41,2.18
2024-10-05,2024-11-01,google,3586,2821,78.67,0.47
2024-10-06,2024-11-02,email,2639,2123,80.45,1.91
2024-10-06,2024-11-02,google,3579,2814,78.63,0.48
2024-10-07,2024-11-03,email,2637,2124,80.55,3.64
2024-10-07,2024-11-03,google,3547,2791,78.69,0.47
2024-10-08,2024-11-04,email,2643,2128,80.51,3.66
2024-10-08,2024-11-04,google,3560,2808,78.88,0.49
2024-10-09,2024-11-05,email,2617,2103,80.36,3.69
2024-10-09,2024-11-05,google,3520,2770,78.69,0.49
2024-10-10,2024-11-06,email,2563,2054,80.14,3.4
2024-10-10,2024-11-06,google,3477,2737,78.72,0.48
2024-10-11,2024-11-07,email,2513,2012,80.06,3.16
2024-10-11,2024-11-07,google,3425,2692,78.6,0.48
2024-10-12,2024-11-08,email,2487,1982,79.69,3.71
2024-10-12,2024-11-08,google,3395,2672,78.7,0.48
2024-10-13,2024-11-09,email,2467,1969,79.81,6.17
2024-10-13,2024-11-09,google,3370,2641,78.37,0.49
2024-10-14,2024-11-10,email,2487,1985,79.82,6.13
2024-10-14,2024-11-10,google,3421,2678,78.28,0.49
2024-10-15,2024-11-11,email,2502,1996,79.78,6.09
2024-10-15,2024-11-11,google,3441,2689,78.15,0.5
2024-10-16,2024-11-12,email,2467,1961,79.49,6.19
2024-10-16,2024-11-12,google,3387,2645,78.09,0.48
2024-10-17,2024-11-13,email,2420,1916,79.17,6.27
2024-10-17,2024-11-13,google,3361,2624,78.07,0.48
2024-10-18,2024-11-14,email,2396,1899,79.26,6.33
2024-10-18,2024-11-14,google,3309,2581,78.0,0.47
2024-10-19,2024-11-15,email,2373,1884,79.39,6.38
2024-10-19,2024-11-15,google,3275,2547,77.77,0.46
2024-10-20,2024-11-16,email,2364,1870,79.1,6.42
2024-10-20,2024-11-16,google,3248,2521,77.62,0.47
2024-10-21,2024-11-17,email,2347,1852,78.91,6.47
2024-10-21,2024-11-17,google,3196,2477,77.5,0.47
2024-10-22,2024-11-18,email,2335,1832,78.46,6.55
2024-10-22,2024-11-18,google,3167,2454,77.49,0.51
2024-10-23,2024-11-19,email,2325,1816,78.11,6.59
2024-10-23,2024-11-19,google,3136,2428,77.42,0.48
2024-10-24,2024-11-20,email,2314,1801,77.83,6.41
2024-10-24,2024-11-20,google,3090,2388,77.28,0.48
2024-10-25,2024-11-21,email,2324,1803,77.58,6.4
2024-10-25,2024-11-21,google,3075,2384,77.53,1.45
2024-10-26,2024-11-22,email,2336,1807,77.35,5.8
2024-10-26,2024-11-22,google,3078,2376,77.19,1.47
2024-10-27,2024-11-23,email,2367,1823,77.02,5.75
2024-10-27,2024-11-23,google,3045,2353,77.27,1.46
2024-10-28,2024-11-24,email,2378,1836,77.21,5.72
2024-10-28,2024-11-24,google,3039,2348,77.26,1.47
2024-10-29,2024-11-25,email,2387,1836,76.92,5.79
2024-10-29,2024-11-25,google,3012,2330,77.36,1.45
2024-10-30,2024-11-26,email,2395,1836,76.66,5.81
2024-10-30,2024-11-26,google,2968,2294,77.29,1.49
2024-10-31,2024-11-27,email,2409,1846,76.63,5.81
2024-10-31,2024-11-27,google,2937,2270,77.29,1.54
2024-11-01,2024-11-28,email,2413,1849,76.63,5.79
2024-11-01,2024-11-28,google,2925,2263,77.37,1.54
2024-11-02,2024-11-29,email,2436,1866,76.6,5.89
2024-11-02,2024-11-29,google,2920,2258,77.33,1.57
2024-11-03,2024-11-30,email,2442,1858,76.09,5.96
2024-11-03,2024-11-30,google,2897,2245,77.49,1.7
2024-11-04,2024-12-01,email,2437,1848,75.83,4.02
2024-11-04,2024-12-01,google,2860,2212,77.34,1.72
2024-11-05,2024-12-02,email,2413,1827,75.71,4.14
2024-11-05,2024-12-02,google,2834,2192,77.35,1.73
2024-11-06,2024-12-03,email,2386,1805,75.65,4.31
2024-11-06,2024-12-03,google,2797,2170,77.58,1.75
2024-11-07,2024-12-04,email,2401,1817,75.68,5.32
2024-11-07,2024-12-04,google,2776,2151,77.49,1.77
2024-11-08,2024-12-05,email,2381,1804,75.77,5.34
2024-11-08,2024-12-05,google,2742,2120,77.32,1.79
2024-11-09,2024-12-06,email,2369,1802,76.07,4.8
2024-11-09,2024-12-06,google,2717,2092,77.0,1.81
2024-11-10,2024-12-07,email,2357,1785,75.73,2.19
2024-11-10,2024-12-07,google,2713,2080,76.67,1.82
2024-11-11,2024-12-08,email,2340,1775,75.85,2.2
2024-11-11,2024-12-08,google,2689,2069,76.94,1.84
2024-11-12,2024-12-09,email,2318,1765,76.14,2.2
2024-11-12,2024-12-09,google,2686,2072,77.14,1.82
2024-11-13,2024-12-10,email,2287,1742,76.17,2.23
2024-11-13,2024-12-10,google,2659,2037,76.61,1.85
2024-11-14,2024-12-11,email,2260,1720,76.11,2.25
2024-11-14,2024-12-11,google,2613,2001,76.58,1.89
2024-11-15,2024-12-12,email,2255,1717,76.14,2.25
2024-11-15,2024-12-12,google,2590,1984,76.6,1.91
2024-11-16,2024-12-13,email,2229,1694,76.0,2.28
2024-11-16,2024-12-13,google,2554,1962,76.82,1.93
2024-11-17,2024-12-14,email,2207,1683,76.26,2.48
2024-11-17,2024-12-14,google,2527,1940,76.77,1.94
2024-11-18,2024-12-15,email,2174,1656,76.17,2.52
2024-11-18,2024-12-15,google,2503,1917,76.59,1.96
2024-11-19,2024-12-16,email,2142,1626,75.91,2.59
2024-11-19,2024-12-16,google,2462,1873,76.08,1.86
2024-11-20,2024-12-17,email,2103,1590,75.61,2.63
2024-11-20,2024-12-17,google,2413,1835,76.05,1.89
2024-11-21,2024-12-18,email,2064,1565,75.82,2.68
2024-11-21,2024-12-18,google,2384,1811,75.96,1.93
2024-11-22,2024-12-19,email,2027,1536,75.78,2.71
2024-11-22,2024-12-19,google,2369,1797,75.85,1.23
2024-11-23,2024-12-20,email,1989,1506,75.72,2.75
2024-11-23,2024-12-20,google,2328,1773,76.16,1.21
2024-11-24,2024-12-21,email,1925,1465,76.1,2.81
2024-11-24,2024-12-21,google,2300,1748,76.0,1.24
2024-11-25,2024-12-22,email,1892,1442,76.22,2.84
2024-11-25,2024-12-22,google,2250,1713,76.13,1.26
2024-11-26,2024-12-23,email,1811,1384,76.42,3.65
2024-11-26,2024-12-23,google,2206,1679,76.11,2.62
2024-11-27,2024-12-24,email,1744,1333,76.43,3.78
2024-11-27,2024-12-24,google,2142,1629,76.05,2.68
2024-11-28,2024-12-25,email,1667,1270,76.18,3.89
2024-11-28,2024-12-25,google,2063,1564,75.81,2.74
2024-11-29,2024-12-26,email,1646,1244,75.58,3.96
2024-11-29,2024-12-26,google,2008,1518,75.6,2.81
2024-11-30,2024-12-27,email,1582,1194,75.47,3.87
2024-11-30,2024-12-27,google,1962,1479,75.38,2.81
2024-12-01,2024-12-28,email,1555,1180,75.88,3.83
2024-12-01,2024-12-28,google,1951,1460,74.83,3.56
2024-12-02,2024-12-29,email,1511,1142,75.58,3.98
2024-12-02,2024-12-29,google,1916,1436,74.95,3.61
2024-12-03,2024-12-30,email,1478,1113,75.3,3.91
2024-12-03,2024-12-30,google,1871,1399,74.77,3.69
2024-12-04,2024-12-31,email,1445,1089,75.36,3.77
2024-12-04,2024-12-31,google,1839,1369,74.44,3.77
2024-12-05,2025-01-01,email,1411,1064,75.41,2.0
2024-12-05,2025-01-01,google,1797,1341,74.62,3.83
2024-12-06,2025-01-02,email,1413,1064,75.3,2.01
2024-12-06,2025-01-02,google,1787,1337,74.82,3.88
2024-12-07,2025-01-03,email,1405,1060,75.44,3.04
2024-12-07,2025-01-03,google,1757,1320,75.13,3.96
2024-12-08,2025-01-04,email,1398,1057,75.61,3.18
2024-12-08,2025-01-04,google,1729,1304,75.42,4.01
2024-12-09,2025-01-05,email,1361,1029,75.61,3.26
2024-12-09,2025-01-05,google,1692,1276,75.41,4.13
2024-12-10,2025-01-06,email,1347,1018,75.58,3.31
2024-12-10,2025-01-06,google,1646,1241,75.39,4.25
2024-12-11,2025-01-07,email,1328,1010,76.05,3.33
2024-12-11,2025-01-07,google,1608,1222,76.0,4.33
2024-12-12,2025-01-08,email,1328,1008,75.9,3.34
2024-12-12,2025-01-08,google,1586,1202,75.79,4.35
2024-12-13,2025-01-09,email,1329,1005,75.62,10.17
2024-12-13,2025-01-09,google,1599,1208,75.55,4.53
2024-12-14,2025-01-10,email,1323,1004,75.89,10.31
2024-12-14,2025-01-10,google,1591,1201,75.49,4.54
2024-12-15,2025-01-11,email,1315,998,75.89,10.08
2024-12-15,2025-01-11,google,1579,1195,75.68,4.57
2024-12-16,2025-01-12,email,1299,982,75.6,10.25
2024-12-16,2025-01-12,google,1572,1202,76.46,4.55
2024-12-17,2025-01-13,email,1293,975,75.41,10.16
2024-12-17,2025-01-13,google,1565,1212,77.44,4.52
2024-12-18,2025-01-14,email,1287,970,75.37,10.23
2024-12-18,2025-01-14,google,1554,1208,77.73,4.55
2024-12-19,2025-01-15,email,1283,970,75.6,10.29
2024-12-19,2025-01-15,google,1549,1210,78.11,4.52
2024-12-20,2025-01-16,email,1289,979,75.95,10.19
2024-12-20,2025-01-16,google,1519,1182,77.81,3.74
2024-12-21,2025-01-17,email,1289,983,76.26,10.16
2024-12-21,2025-01-17,google,1526,1185,77.65,3.76
2024-12-22,2025-01-18,email,1287,989,76.85,10.02
2024-12-22,2025-01-18,google,1532,1192,77.81,3.74
2024-12-23,2025-01-19,email,1281,986,76.97,10.04
2024-12-23,2025-01-19,google,1538,1194,77.63,3.72
2024-12-24,2025-01-20,email,1300,1004,77.23,8.81
2024-12-24,2025-01-20,google,1550,1201,77.48,1.76
2024-12-25,2025-01-21,email,1302,1010,77.57,9.03
2024-12-25,2025-01-21,google,1592,1233,77.45,2.73
2024-12-26,2025-01-22,email,1322,1021,77.23,8.95
2024-12-26,2025-01-22,google,1619,1256,77.58,2.9
2024-12-27,2025-01-23,email,1322,1028,77.76,8.88
2024-12-27,2025-01-23,google,1634,1263,77.29,2.9
2024-12-28,2025-01-24,email,1321,1027,77.74,8.98
2024-12-28,2025-01-24,google,1640,1263,77.01,2.9
2024-12-29,2025-01-25,email,1313,1020,77.68,9.03
2024-12-29,2025-01-25,google,1626,1253,77.06,1.85
2024-12-30,2025-01-26,email,1335,1040,77.9,8.87
2024-12-30,2025-01-26,google,1664,1280,76.92,1.83
2024-12-31,2025-01-27,email,1345,1051,78.14,8.8
2024-12-31,2025-01-27,google,1659,1273,76.73,1.84
2025-01-01,2025-01-28,email,1346,1054,78.31,8.79
2025-01-01,2025-01-28,google,1667,1280,76.78,1.81
2025-01-02,2025-01-29,email,1351,1058,78.31,8.81
2025-01-02,2025-01-29,google,1666,1274,76.47,1.82
2025-01-03,2025-01-30,email,1339,1045,78.04,8.89
2025-01-03,2025-01-30,google,1653,1260,76.23,1.81
2025-01-04,2025-01-31,email,1327,1037,78.15,8.06
2025-01-04,2025-01-31,google,1649,1252,75.92,1.8
2025-01-05,2025-02-01,email,1309,1023,78.15,8.04
2025-01-05,2025-02-01,google,1645,1255,76.29,1.79
2025-01-06,2025-02-02,email,1319,1030,78.09,7.97
2025-01-06,2025-02-02,google,1667,1268,76.06,2.21
2025-01-07,2025-02-03,email,1321,1026,77.67,8.01
2025-01-07,2025-02-03,google,1676,1269,75.72,2.2
2025-01-08,2025-02-04,email,1333,1033,77.49,7.95
2025-01-08,2025-02-04,google,1684,1275,75.71,2.2
2025-01-09,2025-02-05,email,1342,1036,77.2,7.92
2025-01-09,2025-02-05,google,1723,1305,75.74,2.15
2025-01-10,2025-02-06,email,1343,1037,77.22,2.08
2025-01-10,2025-02-06,google,1719,1307,76.03,1.96
2025-01-11,2025-02-07,email,1357,1044,76.93,1.81
2025-01-11,2025-02-07,google,1743,1321,75.79,1.95
2025-01-12,2025-02-08,email,1357,1041,76.71,1.81
2025-01-12,2025-02-08,google,1757,1332,75.81,1.93
2025-01-13,2025-02-09,email,1374,1060,77.15,1.73
2025-01-13,2025-02-09,google,1757,1324,75.36,1.93
2025-01-14,2025-02-10,email,1364,1060,77.71,1.74
2025-01-14,2025-02-10,google,1765,1317,74.62,1.94
2025-01-15,2025-02-11,email,1380,1073,77.75,1.77
2025-01-15,2025-02-11,google,1790,1335,74.58,1.93
2025-01-16,2025-02-12,email,1381,1077,77.99,1.73
2025-01-16,2025-02-12,google,1801,1340,74.4,1.92
2025-01-17,2025-02-13,email,1365,1061,77.73,1.76
2025-01-17,2025-02-13,google,1817,1357,74.68,1.89
2025-01-18,2025-02-14,email,1369,1060,77.43,1.8
2025-01-18,2025-02-14,google,1816,1354,74.56,1.89
2025-01-19,2025-02-15,email,1379,1055,76.5,1.78
2025-01-19,2025-02-15,google,1831,1366,74.6,1.87
2025-01-20,2025-02-16,email,1376,1045,75.94,1.92
2025-01-20,2025-02-16,google,1852,1385,74.78,1.85
2025-01-21,2025-02-17,email,1384,1046,75.58,2.11
2025-01-21,2025-02-17,google,1858,1394,75.03,1.89
2025-01-22,2025-02-18,email,1406,1055,75.04,1.82
2025-01-22,2025-02-18,google,1860,1392,74.84,1.01
2025-01-23,2025-02-19,email,1401,1051,75.02,1.83
2025-01-23,2025-02-19,google,1859,1390,74.77,0.81
2025-01-24,2025-02-20,email,1397,1046,74.87,1.85
2025-01-24,2025-02-20,google,1863,1393,74.77,0.8
2025-01-25,2025-02-21,email,1403,1045,74.48,1.77
2025-01-25,2025-02-21,google,1863,1393,74.77,0.79
2025-01-26,2025-02-22,email,1395,1040,74.55,1.77
2025-01-26,2025-02-22,google,1858,1387,74.65,0.82
2025-01-27,2025-02-23,email,1390,1039,74.75,1.78
2025-01-27,2025-02-23,google,1847,1382,74.82,0.82
2025-01-28,2025-02-24,email,1403,1048,74.7,1.9
2025-01-28,2025-02-24,google,1864,1398,75.0,0.8
2025-01-29,2025-02-25,email,1411,1051,74.49,1.9
2025-01-29,2025-02-25,google,1875,1401,74.72,0.8
2025-01-30,2025-02-26,email,1418,1057,74.54,1.85
2025-01-30,2025-02-26,google,1873,1395,74.48,0.8
2025-01-31,2025-02-27,email,1419,1059,74.63,1.85
2025-01-31,2025-02-27,google,1877,1402,74.69,0.8
2025-02-01,2025-02-28,email,1428,1065,74.58,1.83
2025-02-01,2025-02-28,google,1889,1411,74.7,0.82
2025-02-02,2025-03-01,email,1443,1075,74.5,1.78
2025-02-02,2025-03-01,google,1898,1416,74.6,0.82
2025-02-03,2025-03-02,email,1458,1084,74.35,1.78
2025-02-03,2025-03-02,google,1892,1411,74.58,0.44
2025-02-04,2025-03-03,email,1478,1096,74.15,1.75
2025-02-04,2025-03-03,google,1889,1409,74.59,0.44
2025-02-05,2025-03-04,email,1503,1115,74.18,2.14
2025-02-05,2025-03-04,google,1909,1416,74.17,0.42
2025-02-06,2025-03-05,email,1509,1122,74.35,2.21
2025-02-06,2025-03-05,google,1888,1400,74.15,0.5
2025-02-07,2025-03-06,email,1524,1139,74.74,1.41
2025-02-07,2025-03-06,google,1885,1389,73.69,0.56
2025-02-08,2025-03-07,email,1517,1129,74.42,1.39
2025-02-08,2025-03-07,google,1883,1389,73.77,0.57
2025-02-09,2025-03-08,email,1529,1138,74.43,1.42
2025-02-09,2025-03-08,google,1877,1385,73.79,0.56
2025-02-10,2025-03-09,email,1531,1134,74.07,1.42
2025-02-10,2025-03-09,google,1879,1388,73.87,0.57
2025-02-11,2025-03-10,email,1536,1143,74.41,1.4
2025-02-11,2025-03-10,google,1877,1392,74.16,0.56
2025-02-12,2025-03-11,email,1533,1128,73.58,1.37
2025-02-12,2025-03-11,google,1883,1388,73.71,0.56
2025-02-13,2025-03-12,email,1538,1125,73.15,1.34
2025-02-13,2025-03-12,google,1876,1389,74.04,0.55
2025-02-14,2025-03-13,email,1547,1134,73.3,1.33
2025-02-14,2025-03-13,google,1859,1374,73.91,0.56
2025-02-15,2025-03-14,email,1568,1156,73.72,1.28
2025-02-15,2025-03-14,google,1885,1400,74.27,0.81
2025-02-16,2025-03-15,email,1574,1170,74.33,1.28
2025-02-16,2025-03-15,google,1897,1408,74.22,0.82
2025-02-17,2025-03-16,email,1611,1204,74.74,2.12
2025-02-17,2025-03-16,google,1904,1402,73.63,0.96
2025-02-18,2025-03-17,email,1626,1222,75.15,1.94
2025-02-18,2025-03-17,google,1910,1405,73.56,1.11
2025-02-19,2025-03-18,email,1621,1221,75.32,1.95
2025-02-19,2025-03-18,google,1884,1393,73.94,1.42
2025-02-20,2025-03-19,email,1647,1251,75.96,1.91
2025-02-20,2025-03-19,google,1892,1401,74.05,1.41
2025-02-21,2025-03-20,email,1645,1247,75.81,2.58
2025-02-21,2025-03-20,google,1898,1404,73.97,1.41
2025-02-22,2025-03-21,email,1652,1251,75.73,2.57
2025-02-22,2025-03-21,google,1884,1393,73.94,1.43
2025-02-23,2025-03-22,email,1673,1267,75.73,2.54
2025-02-23,2025-03-22,google,1901,1413,74.33,1.42
2025-02-24,2025-03-23,email,1671,1267,75.82,2.54
2025-02-24,2025-03-23,google,1915,1423,74.31,1.41
2025-02-25,2025-03-24,email,1679,1272,75.76,2.44
2025-02-25,2025-03-24,google,1928,1429,74.12,1.42
2025-02-26,2025-03-25,email,1677,1274,75.97,2.46
2025-02-26,2025-03-25,google,1929,1432,74.24,1.42
2025-02-27,2025-03-26,email,1678,1272,75.8,2.73
2025-02-27,2025-03-26,google,1945,1447,74.4,1.41
2025-02-28,2025-03-27,email,1694,1280,75.56,2.73
2025-02-28,2025-03-27,google,1966,1462,74.36,1.38
2025-03-01,2025-03-28,email,1706,1283,75.21,2.72
2025-03-01,2025-03-28,google,1972,1471,74.59,1.36
2025-03-02,2025-03-29,email,1710,1285,75.15,3.16
2025-03-02,2025-03-29,google,1973,1471,74.56,1.36
2025-03-03,2025-03-30,email,1707,1286,75.34,3.15
2025-03-03,2025-03-30,google,1992,1484,74.5,1.35
2025-03-04,2025-03-31,email,1695,1285,75.81,3.78
2025-03-04,2025-03-31,google,1987,1479,74.43,1.38
2025-03-05,2025-04-01,email,1675,1263,75.4,3.48
2025-03-05,2025-04-01,google,1982,1475,74.42,1.38
2025-03-06,2025-04-02,email,1677,1267,75.55,3.43
2025-03-06,2025-04-02,google,1992,1484,74.5,1.3
2025-03-07,2025-04-03,email,1677,1266,75.49,3.46
2025-03-07,2025-04-03,google,1998,1500,75.08,1.23
2025-03-08,2025-04-04,email,1684,1272,75.53,3.45
2025-03-08,2025-04-04,google,1990,1495,75.13,1.23
2025-03-09,2025-04-05,email,1665,1257,75.5,3.52
2025-03-09,2025-04-05,google,1994,1496,75.03,1.24
2025-03-10,2025-04-06,email,1664,1257,75.54,3.52
2025-03-10,2025-04-06,google,1997,1498,75.01,1.24
2025-03-11,2025-04-07,email,1690,1280,75.74,3.47
2025-03-11,2025-04-07,google,2007,1510,75.24,1.25
2025-03-12,2025-04-08,email,1703,1306,76.69,3.41
2025-03-12,2025-04-08,google,2030,1531,75.42,1.23
2025-03-13,2025-04-09,email,1730,1328,76.76,7.41
2025-03-13,2025-04-09,google,2057,1541,74.91,3.77
2025-03-14,2025-04-10,email,1750,1335,76.29,7.55
2025-03-14,2025-04-10,google,2086,1562,74.88,3.72
2025-03-15,2025-04-11,email,1750,1333,76.17,7.56
2025-03-15,2025-04-11,google,2090,1553,74.31,3.53
2025-03-16,2025-04-12,email,1770,1343,75.88,8.6
2025-03-16,2025-04-12,google,2075,1529,73.69,3.58
2025-03-17,2025-04-13,email,1782,1357,76.15,7.92
2025-03-17,2025-04-13,google,2092,1557,74.43,3.39
2025-03-18,2025-04-14,email,1809,1381,76.34,7.7
2025-03-18,2025-04-14,google,2122,1583,74.6,3.16
2025-03-19,2025-04-15,email,1840,1411,76.68,7.6
2025-03-19,2025-04-15,google,2179,1623,74.48,2.83
2025-03-20,2025-04-16,email,1848,1414,76.52,8.85
2025-03-20,2025-04-16,google,2213,1653,74.69,2.77
2025-03-21,2025-04-17,email,1892,1451,76.69,8.04
2025-03-21,2025-04-17,google,2262,1701,75.2,2.78
2025-03-22,2025-04-18,email,1895,1458,76.94,7.99
2025-03-22,2025-04-18,google,2317,1748,75.44,2.7
2025-03-23,2025-04-19,email,1910,1470,76.96,7.94
2025-03-23,2025-04-19,google,2370,1784,75.27,2.62
2025-03-24,2025-04-20,email,1925,1477,76.73,7.91
2025-03-24,2025-04-20,google,2396,1801,75.17,2.6
2025-03-25,2025-04-21,email,1917,1478,77.1,7.86
2025-03-25,2025-04-21,google,2427,1827,75.28,2.56
2025-03-26,2025-04-22,email,1937,1496,77.23,7.76
2025-03-26,2025-04-22,google,2471,1872,75.76,3.32
2025-03-27,2025-04-23,email,1953,1513,77.47,7.48
2025-03-27,2025-04-23,google,2507,1899,75.75,3.29
2025-03-28,2025-04-24,email,1951,1516,77.7,7.46
2025-03-28,2025-04-24,google,2524,1915,75.87,3.26
2025-03-29,2025-04-25,email,1983,1547,78.01,7.32
2025-03-29,2025-04-25,google,2527,1917,75.86,3.25
2025-03-30,2025-04-26,email,2014,1577,78.3,6.87
2025-03-30,2025-04-26,google,2567,1950,75.96,3.2
2025-03-31,2025-04-27,email,2044,1598,78.18,7.06
2025-03-31,2025-04-27,google,2597,1976,76.09,3.16
2025-04-01,2025-04-28,email,2057,1613,78.42,6.51
2025-04-01,2025-04-28,google,2646,2021,76.38,6.02
2025-04-02,2025-04-29,email,2072,1631,78.72,7.08
2025-04-02,2025-04-29,google,2680,2047,76.38,6.53
2025-04-03,2025-04-30,email,2095,1645,78.52,7.03
2025-04-03,2025-04-30,google,2693,2046,75.97,6.52
2025-04-04,2025-05-01,email,2092,1644,78.59,7.25
2025-04-04,2025-05-01,google,2703,2051,75.88,6.5
2025-04-05,2025-05-02,email,2124,1670,78.63,8.73
2025-04-05,2025-05-02,google,2727,2071,75.94,6.78
2025-04-06,2025-05-03,email,2170,1710,78.8,8.52
2025-04-06,2025-05-03,google,2759,2088,75.68,6.73
2025-04-07,2025-05-04,email,2197,1727,78.61,8.44
2025-04-07,2025-05-04,google,2819,2123,75.31,7.2
2025-04-08,2025-05-05,email,2210,1725,78.05,9.19
2025-04-08,2025-05-05,google,2860,2151,75.21,7.1
2025-04-09,2025-05-06,email,2235,1743,77.99,9.08
2025-04-09,2025-05-06,google,2846,2140,75.19,7.15
2025-04-10,2025-05-07,email,2249,1758,78.17,6.07
2025-04-10,2025-05-07,google,2830,2137,75.51,5.35
2025-04-11,2025-05-08,email,2256,1772,78.55,5.87
2025-04-11,2025-05-08,google,2843,2139,75.24,5.37
2025-04-12,2025-05-09,email,2253,1776,78.83,5.86
2025-04-12,2025-05-09,google,2844,2148,75.53,5.33
2025-04-13,2025-05-10,email,2242,1772,79.04,5.04
2025-04-13,2025-05-10,google,2849,2154,75.61,5.33
2025-04-14,2025-05-11,email,2233,1754,78.55,5.47
2025-04-14,2025-05-11,google,2850,2147,75.33,5.37
2025-04-15,2025-05-12,email,2210,1736,78.55,5.58
2025-04-15,2025-05-12,google,2830,2127,75.16,5.43
2025-04-16,2025-05-13,email,2194,1722,78.49,5.57
2025-04-16,2025-05-13,google,2813,2117,75.26,5.46
2025-04-17,2025-05-14,email,2212,1728,78.12,4.51
2025-04-17,2025-05-14,google,2796,2092,74.82,5.54
2025-04-18,2025-05-15,email,2209,1723,78.0,4.93
2025-04-18,2025-05-15,google,2779,2073,74.6,5.53
2025-04-19,2025-05-16,email,2215,1731,78.15,4.91
2025-04-19,2025-05-16,google,2761,2050,74.25,5.61
2025-04-20,2025-05-17,email,2218,1730,78.0,4.91
2025-04-20,2025-05-17,google,2728,2026,74.27,5.71
2025-04-21,2025-05-18,email,2238,1744,77.93,5.37
2025-04-21,2025-05-18,google,2724,2016,74.01,5.74
2025-04-22,2025-05-19,email,2274,1764,77.57,5.32
2025-04-22,2025-05-19,google,2709,2002,73.9,5.77
2025-04-23,2025-05-20,email,2297,1773,77.19,5.29
2025-04-23,2025-05-20,google,2691,1980,73.58,5.07
2025-04-24,2025-05-21,email,2293,1766,77.02,5.39
2025-04-24,2025-05-21,google,2669,1957,73.32,5.11
2025-04-25,2025-05-22,email,2315,1783,77.02,5.36
2025-04-25,2025-05-22,google,2664,1947,73.09,5.16
2025-04-26,2025-05-23,email,2270,1744,76.83,5.47
2025-04-26,2025-05-23,google,2690,1961,72.9,5.14
2025-04-27,2025-05-24,email,2243,1722,76.77,5.49
2025-04-27,2025-05-24,google,2654,1934,72.87,5.21
2025-04-28,2025-05-25,email,2235,1713,76.64,5.26
2025-04-28,2025-05-25,google,2645,1926,72.82,5.24
2025-04-29,2025-05-26,email,2238,1710,76.41,5.28
2025-04-29,2025-05-26,google,2642,1919,72.63,2.11
2025-04-30,2025-05-27,email,2245,1713,76.3,6.41
2025-04-30,2025-05-27,google,2630,1908,72.55,1.51
2025-05-01,2025-05-28,email,2230,1705,76.46,7.15
2025-05-01,2025-05-28,google,2603,1894,72.76,1.52
2025-05-02,2025-05-29,email,2227,1696,76.16,6.95
2025-05-02,2025-05-29,google,2599,1884,72.49,1.53
2025-05-03,2025-05-30,email,2202,1676,76.11,5.4
2025-05-03,2025-05-30,google,2575,1853,71.96,1.17
2025-05-04,2025-05-31,email,2179,1653,75.86,6.51
2025-05-04,2025-05-31,google,2535,1820,71.79,1.2
2025-05-05,2025-06-01,email,2156,1640,76.07,6.57
2025-05-05,2025-06-01,google,2489,1785,71.72,0.55
2025-05-06,2025-06-02,email,2140,1631,76.21,6.61
2025-05-06,2025-06-02,google,2458,1756,71.44,0.56
2025-05-07,2025-06-03,email,2122,1610,75.87,6.68
2025-05-07,2025-06-03,google,2447,1743,71.23,0.58
2025-05-08,2025-06-04,email,2095,1589,75.85,6.71
2025-05-08,2025-06-04,google,2438,1727,70.84,0.58
2025-05-09,2025-06-05,email,2081,1566,75.25,6.82
2025-05-09,2025-06-05,google,2425,1710,70.52,0.58
2025-05-10,2025-06-06,email,2089,1561,74.72,6.85
2025-05-10,2025-06-06,google,2402,1686,70.19,0.6
2025-05-11,2025-06-07,email,2083,1554,74.6,6.89
2025-05-11,2025-06-07,google,2385,1681,70.48,0.59
2025-05-12,2025-06-08,email,2064,1546,74.9,6.43
2025-05-12,2025-06-08,google,2331,1642,70.44,0.57
2025-05-13,2025-06-09,email,2049,1531,74.72,6.48
2025-05-13,2025-06-09,google,2342,1635,69.81,0.54
2025-05-14,2025-06-10,email,2048,1526,74.51,6.51
2025-05-14,2025-06-10,google,2320,1602,69.05,0.81
2025-05-15,2025-06-11,email,2024,1510,74.6,6.56
2025-05-15,2025-06-11,google,2316,1587,68.52,0.82
2025-05-16,2025-06-12,email,2006,1494,74.48,6.17
2025-05-16,2025-06-12,google,2276,1552,68.19,0.83
2025-05-17,2025-06-13,email,1999,1485,74.29,6.19
2025-05-17,2025-06-13,google,2267,1544,68.11,0.83
2025-05-18,2025-06-14,email,1993,1472,73.86,6.25
2025-05-18,2025-06-14,google,2270,1536,67.67,0.77
2025-05-19,2025-06-15,email,1966,1451,73.8,5.76
2025-05-19,2025-06-15,google,2256,1516,67.2,0.77
2025-05-20,2025-06-16,email,1936,1427,73.71,5.86
2025-05-20,2025-06-16,google,2258,1502,66.52,0.77
2025-05-21,2025-06-17,email,1909,1409,73.81,8.86
2025-05-21,2025-06-17,google,2230,1474,66.1,0.79
2025-05-22,2025-06-18,email,1914,1404,73.35,9.98
2025-05-22,2025-06-18,google,2225,1476,66.34,0.79
2025-05-23,2025-06-19,email,1909,1398,73.23,9.99
2025-05-23,2025-06-19,google,2214,1459,65.9,0.79
2025-05-24,2025-06-20,email,1920,1406,73.23,9.94
2025-05-24,2025-06-20,google,2185,1435,65.68,0.78
2025-05-25,2025-06-21,email,1915,1402,73.21,10.79
2025-05-25,2025-06-21,google,2193,1436,65.48,0.78
2025-05-26,2025-06-22,email,1902,1391,73.13,10.83
2025-05-26,2025-06-22,google,2168,1408,64.94,0.77
2025-05-27,2025-06-23,email,1887,1376,72.92,10.92
2025-05-27,2025-06-23,google,2138,1383,64.69,0.77
2025-05-28,2025-06-24,email,1881,1369,72.78,14.4
2025-05-28,2025-06-24,google,2136,1385,64.84,2.72
